2018.04.05,0:00,119.5,119.5,119.5,119.5
2018.04.06,0:00,117.5,120,111.5,113
2018.04.09,0:00,117.5,122.5,112.5,113
2018.04.10,0:00,113.5,115,111,113
2018.04.11,0:00,113.5,115.5,113,114
2018.04.12,0:00,114.5,118,113,113
2018.04.23,0:00,151.5,152.5,149,151.5
2018.04.25,0:00,149,150.5,141.5,148.5
2018.04.26,0:00,150,150.5,141.5,146
2018.05.15,0:00,145.75,146.5,138.5,140
2018.05.16,0:00,140,140.5,134,137.5
2018.05.17,0:00,137.25,141.25,133.25,134.5
2018.05.18,0:00,134.25,137,128.5,136.5
2018.05.21,0:00,139.5,139.75,133.5,134.75
2018.05.22,0:00,134.75,135.5,129.5,129.5
2018.05.23,0:00,129,129.5,115.87,120.37
2018.05.24,0:00,120.38,124.38,114.38,122.88
2018.05.25,0:00,122.88,123.88,116.88,117.88
2018.05.28,0:00,117,118.5,111.5,112.98
2018.05.29,0:00,111.98,121.98,109.48,119.98
2018.05.30,0:00,119.98,122.23,114.48,116.73
2018.05.31,0:00,115.98,120.48,115.98,118.73
2018.06.01,0:00,118.48,119.98,116.48,117.98
2018.06.04,0:00,124.48,125.98,117.98,119.48
2018.06.05,0:00,119.48,120.07,114.07,118.57
2018.06.06,0:00,118.08,121.08,116.08,118.08
2018.06.07,0:00,118.58,121.08,117.58,118.08
2018.06.08,0:00,117.58,119.58,116.08,117.58
2018.06.11,0:00,101.58,106.08,101.08,102.58
2018.06.12,0:00,103.08,105.58,95.58,97.08
2018.06.13,0:00,97.58,98.08,87.08,90.08
2018.06.14,0:00,89.58,100.58,89.58,100.08
2018.06.15,0:00,99.58,99.58,94.08,95.08
2018.06.18,0:00,93.58,97.08,91.08,96.58
2018.06.19,0:00,97.08,99.08,94.58,95.58
2018.06.20,0:00,96.08,96.58,93.58,95.58
2018.06.21,0:00,95.08,97.08,94.08,94.08
2018.06.22,0:00,94.08,94.58,80.58,81.08
2018.06.25,0:00,78.58,82.08,76.58,79.58
2018.06.26,0:00,79.58,80.08,76.08,76.58
2018.06.27,0:00,76.58,78.58,72.58,77.58
2018.06.28,0:00,78.08,79.58,75.58,76.08
2018.06.29,0:00,74.08,75.08,70.58,71.58
2018.07.02,0:00,79.08,84.08,76.08,83.08
2018.07.03,0:00,84.58,87.58,82.58,85.58
2018.07.04,0:00,85.08,86.58,81.08,84.58
2018.07.05,0:00,84.58,84.58,80.08,80.58
2018.07.06,0:00,80.08,81.58,78.58,80.58
2018.07.09,0:00,82.93,82.93,80.43,80.43
2018.07.10,0:00,80.43,82.43,73.93,76.93
2018.07.11,0:00,76.43,80.43,74.43,76.43
2018.07.12,0:00,76.43,77.93,73.93,75.43
2018.07.13,0:00,74.93,77.93,73.93,75.43
2018.07.16,0:00,78.93,83.43,77.43,82.43
2018.07.17,0:00,82.43,89.43,80.93,88.43
2018.07.18,0:00,89.43,93.93,85.82,87.74
2018.07.19,0:00,86.32,88.32,84.32,85.82
2018.07.20,0:00,85.82,87.32,80.82,81.82
2018.07.23,0:00,81.32,85.32,81.32,81.32
2018.07.24,0:00,81.32,88.82,80.32,86.82
2018.07.25,0:00,87.82,90.32,84.32,86.82
2018.07.26,0:00,86.82,87.32,85.32,85.32
2018.07.27,0:00,83.32,84.82,80.82,83.82
2018.07.30,0:00,82.82,83.82,79.57,82.07
2018.07.31,0:00,81.57,82.32,76.02,77.57
2018.08.01,0:00,77.07,79.07,76.02,76.02
2018.08.02,0:00,76.07,78.32,75.52,76.07
2018.08.03,0:00,75.82,77.07,74.82,76.82
2018.08.06,0:00,74.32,76.57,72.82,73.32
2018.08.07,0:00,72.57,74.82,69.07,69.07
2018.08.08,0:00,67.82,69.07,60.82,62.57
2018.08.09,0:00,62.82,64.07,60.07,63.57
2018.08.10,0:00,64.57,64.57,59.82,60.07
2018.08.13,0:00,59.57,60.57,55.57,56.07
2018.08.14,0:00,55.82,56.57,49.07,51.82
2018.08.15,0:00,52.57,59.07,51.57,56.07
2018.08.16,0:00,56.32,57.57,53.82,55.32
2018.08.17,0:00,55.07,59.57,54.57,58.57
2018.08.20,0:00,57.57,58.32,54.57,55.57
2018.08.21,0:00,55.32,56.32,53.07,55.57
2018.08.22,0:00,56.07,59.07,54.07,54.57
2018.08.23,0:00,54.82,56.57,54.07,55.57
2018.08.24,0:00,57.07,58.07,55.57,57.57
2018.08.27,0:00,56.57,58.07,56.57,57.82
2018.08.28,0:00,57.82,63.57,57.82,62.57
2018.08.29,0:00,62.32,63.32,60.07,61.57
2018.08.30,0:00,61.82,62.07,58.52,59.82
2018.08.31,0:00,60.07,62.57,59.57,61.82
2018.09.03,0:00,65.32,66.07,64.07,65.32
2018.09.04,0:00,66.07,69.17,65.07,67.82
2018.09.05,0:00,68.07,68.07,59.07,60.07
2018.09.06,0:00,59.82,60.32,53.82,56.07
2018.09.07,0:00,55.82,58.07,55.07,56.57
2018.09.10,0:00,56.07,56.07,53.02,53.57
2018.09.11,0:00,53.32,54.57,50.07,50.57
2018.09.12,0:00,51.32,51.72,47.07,51.57
2018.09.13,0:00,51.07,55.07,51.07,53.82
2018.09.14,0:00,53.32,58.57,52.82,57.82
2018.09.17,0:00,57.07,57.57,51.32,51.57
2018.09.18,0:00,51.82,55.07,50.57,53.82
2018.09.19,0:00,53.57,54.97,51.32,54.32
2018.09.20,0:00,53.82,54.92,53.12,53.82
2018.09.21,0:00,54.82,62.07,54.32,60.07
2018.09.24,0:00,60.32,61.57,56.82,58.41
2018.09.25,0:00,57.96,58.22,53.94,57.53
2018.09.26,0:00,57.53,59.47,56.27,58.46
2018.09.27,0:00,57.46,65.31,56.32,63.82
2018.09.28,0:00,63.96,64.47,59.99,61.32
2018.10.01,0:00,60.21,61.57,58.98,60.03
2018.10.02,0:00,59.83,61.28,58.44,59.29
2018.10.03,0:00,59.54,59.79,56.19,56.5
2018.10.04,0:00,56.26,58.76,56.26,57.97
2018.10.05,0:00,57.72,58.22,56.97,57.47
2018.10.08,0:00,57.22,59.39,56.95,59.14
2018.10.09,0:00,58.89,59.14,57.61,57.86
2018.10.10,0:00,57.61,58.11,56.36,57.1
2018.10.11,0:00,56.92,57.1,49.83,51.6
2018.10.12,0:00,51.35,52.87,49.35,52.78
2018.10.15,0:00,51.36,56.32,50.34,52.82
2018.10.16,0:00,52.57,53.82,51.82,52.32
2018.10.17,0:00,52.32,52.82,51.82,51.82
2018.10.18,0:00,52.07,52.82,50.33,50.83
2018.10.19,0:00,50.82,52.72,50.82,52.47
2018.10.22,0:00,51.97,52.22,50.97,51.47
2018.10.23,0:00,51.72,52.22,50.97,51.47
2018.10.24,0:00,51.97,52.47,51.47,51.72
2018.10.25,0:00,51.97,51.97,51.22,51.47
2018.10.26,0:00,51.22,51.97,50.97,51.47
2018.10.29,0:00,50.72,51.22,46.96,48.22
2018.10.30,0:00,47.97,48.97,47.97,48.22
2018.10.31,0:00,48.42,49.98,47.41,49.47
2018.11.01,0:00,49.22,49.85,49.06,49.72
2018.11.02,0:00,49.97,51.42,49.61,50.94
2018.11.05,0:00,53.22,54.47,52.47,52.92
2018.11.06,0:00,52.92,54.82,52.9,54.68
2018.11.07,0:00,55.07,56.17,53.02,53.78
2018.11.08,0:00,53.74,54.21,52.37,52.73
2018.11.09,0:00,52.3,52.55,50.86,50.97
2018.11.12,0:00,50.07,51.17,49.77,50.53
2018.11.13,0:00,50.63,50.83,48.68,49.33
2018.11.14,0:00,49.23,50.43,39.68,41.43
2018.11.15,0:00,41.28,43.03,38.83,42.08
2018.11.16,0:00,42.38,43.13,41.63,41.77
2018.11.19,0:00,41.78,41.99,35.02,36.1
2018.11.20,0:00,35.86,37.6,30.39,32.53
2018.11.21,0:00,31.67,34.17,30.87,33.12
2018.11.22,0:00,33.17,34.57,32.42,33.02
2018.11.23,0:00,32.87,32.87,30.17,31.27
2018.11.26,0:00,30.02,31.62,27.32,28.87
2018.11.27,0:00,28.42,30.46,28.02,30.44
2018.11.28,0:00,30.82,35.81,30.47,34.18
2018.11.29,0:00,33.93,35.28,32.61,32.93
2018.11.30,0:00,33.18,33.93,30.58,31.22
2018.12.03,0:00,33.08,33.23,29.33,30.78
2018.12.04,0:00,30.53,31.68,29.37,30.58
2018.12.05,0:00,30.48,30.88,28.43,28.93
2018.12.06,0:00,28.73,29.98,26.93,27.78
2018.12.07,0:00,26.54,27.25,22.03,24.82
2018.12.10,0:00,24.85,25.48,23.43,24.03
2018.12.11,0:00,23.97,24.29,22.5,23.23
2018.12.12,0:00,23.13,24.89,22.83,24.24
2018.12.13,0:00,23.73,23.98,22.38,22.7
2018.12.14,0:00,22.73,23.43,22.08,22.38
2018.12.17,0:00,25.03,30.34,24.78,28.68
2018.12.18,0:00,28.34,29.33,27.48,28.39
2018.12.19,0:00,28.72,31.48,28.46,28.48
2018.12.20,0:00,28.87,32.98,28.48,31.78
2018.12.21,0:00,31.12,32.73,29.4,29.98
2018.12.24,0:00,33.13,36.43,32.93,34.13
2018.12.26,0:00,31.33,31.48,28.9,29.76
2018.12.27,0:00,30.02,30.73,27.3,27.62
2018.12.28,0:00,27.53,33.48,27.28,31.91
2018.12.31,0:00,31.2,31.48,29.98,30.23
2019.01.02,0:00,31.48,32.88,31.2,32.78
2019.01.03,0:00,33.03,33.38,30.73,31.23
2019.01.04,0:00,31.43,32.48,30.84,32.07
2019.01.07,0:00,38.88,39.28,36.88,37.73
2019.01.08,0:00,37.18,40.93,37.18,38.9
2019.01.09,0:00,38.82,39.79,38.2,38.95
2019.01.10,0:00,38.74,39.05,31.68,33.13
2019.01.11,0:00,33.08,33.43,31.73,32.53
2019.01.14,0:00,29.48,32.68,29.43,31.73
2019.01.15,0:00,31.88,32.23,29.98,30.33
2019.01.16,0:00,30.47,31.98,30.43,31.03
2019.01.17,0:00,31.32,31.34,28.23,31.18
2019.01.18,0:00,31.08,31.63,30.33,30.78
2019.01.21,0:00,30.38,31.1,28.23,30.58
2019.01.22,0:00,30.73,31.86,29.18,31.23
2019.01.23,0:00,31.33,32.03,31.03,31.43
2019.01.24,0:00,31.33,33.03,30.78,32.36
2019.01.25,0:00,32.38,32.77,31.17,32.02
2019.01.28,0:00,32.24,32.24,29.63,30.13
2019.01.29,0:00,30.57,31.08,29.68,30.63
2019.01.30,0:00,30.35,31.58,30.13,31.03
2019.01.31,0:00,31.43,31.93,29.78,30.98
2019.02.01,0:00,31.18,33.03,30.33,33.03
2019.02.04,0:00,32.93,33.86,32.58,33.71
2019.02.05,0:00,33.44,33.87,33.1,33.7
2019.02.06,0:00,33.75,33.95,31.65,32.24
2019.02.07,0:00,32.31,32.99,32.12,32.57
2019.02.08,0:00,32.66,44.42,32,40.94
2019.02.11,0:00,45.9,46.52,41.17,42
2019.02.12,0:00,42.41,43.74,41.23,42.76
2019.02.13,0:00,42.63,43.99,40.1,41.15
2019.02.14,0:00,40.74,41.87,39.7,41.14
2019.02.15,0:00,41.09,43.93,39.45,41.63
2019.02.18,0:00,42.84,48.55,42.84,46.81
2019.02.19,0:00,46.9,48.66,46.27,47.18
2019.02.20,0:00,47.55,51.7,45.95,50.22
2019.02.21,0:00,50.55,51.1,47.31,48.24
2019.02.22,0:00,47.88,49.23,47.55,48.58
2019.02.25,0:00,44.07,46.54,42.42,44.95
2019.02.26,0:00,45.37,45.52,43.89,44.22
2019.02.27,0:00,44.4,45.17,42.25,43.81
2019.02.28,0:00,44.21,46.41,44.08,45.64
2019.03.01,0:00,45.59,48.54,45.14,47.86
2019.03.04,0:00,47.26,47.78,44.5,45.29
2019.03.05,0:00,45.13,53.85,45.09,51.56
2019.03.06,0:00,52.13,56.31,50.98,54.78
2019.03.07,0:00,55.3,58.64,53.63,56.63
2019.03.08,0:00,56.49,57.14,54.89,55.7
2019.03.11,0:00,56.11,56.83,53.51,54.04
2019.03.12,0:00,54.3,56.47,51.92,55.92
2019.03.13,0:00,55.84,56.38,53.94,54.83
2019.03.14,0:00,54.71,57.59,52.9,55.34
2019.03.15,0:00,55.32,58.45,55.25,58.04
2019.03.18,0:00,60.48,62.04,57.79,58.96
2019.03.19,0:00,58.91,59.51,57.94,58.76
2019.03.20,0:00,58.62,60.03,56.71,59.67
2019.03.21,0:00,59.62,60.42,57.06,58.1
2019.03.22,0:00,58.38,59.28,57.72,58.71
2019.03.25,0:00,59.06,60.12,57.61,58.12
2019.03.26,0:00,58.1,58.8,56.93,57.75
2019.03.27,0:00,57.67,61.04,57.66,60.76
2019.03.28,0:00,60.89,61.39,59.8,60.08
2019.03.29,0:00,60.08,61.27,59.67,60.8
2019.04.01,0:00,60.16,60.62,59.69,59.95
2019.04.02,0:00,60.01,73.52,59.97,72.84
2019.04.03,0:00,72.68,99.18,72.68,96.28
2019.04.04,0:00,91.58,94.83,75.08,82.33
2019.04.05,0:00,84.83,90.1,83.41,87.81
2019.04.08,0:00,92.41,94.45,86.38,88.34
2019.04.09,0:00,89.18,89.64,83.83,87.43
2019.04.10,0:00,87.14,91.71,86.09,88.22
2019.04.11,0:00,87.84,88.62,75.19,78.69
2019.04.12,0:00,77.52,80.85,75.37,78.37
2019.04.15,0:00,79.14,84.51,74.87,77.25
2019.04.16,0:00,77.62,81.72,77.06,80.63
2019.04.17,0:00,81.01,81.99,78.39,79.43
2019.04.18,0:00,79.41,83.75,78.78,83.17
2019.04.19,0:00,82.93,83.6,79.87,81.64
2019.04.22,0:00,76.33,78.14,75.32,76.99
2019.04.23,0:00,77.24,79.6,76.02,76.95
2019.04.24,0:00,76.27,76.39,70.31,72.4
2019.04.25,0:00,72.22,74.54,71.94,73.92
2019.04.26,0:00,72.53,73.36,68.75,70.39
2019.04.29,0:00,66.89,68.25,64.58,65.96
2019.04.30,0:00,65.78,72.5,65.29,72.03
2019.05.01,0:00,72.85,74.76,70.96,71.71
2019.05.02,0:00,71.57,73.22,71.29,71.81
2019.05.03,0:00,71.89,79.47,71.78,78.1
2019.05.06,0:00,75.56,75.93,70.85,74.6
2019.05.07,0:00,75.32,77.72,72.68,74.11
2019.05.08,0:00,74.64,75.34,71.33,73.46
2019.05.09,0:00,73.82,75.15,72.02,72.77
2019.05.10,0:00,73.42,78.99,72.22,76.04
2019.05.13,0:00,86.15,93.27,83.73,89.42
2019.05.14,0:00,90.37,94.37,86.08,87.91
2019.05.15,0:00,88.81,104.12,88.78,100.63
2019.05.16,0:00,101.19,107.44,90.68,92.73
2019.05.17,0:00,96.19,97.46,81.42,86.52
2019.05.20,0:00,96.34,97.14,87.13,92.33
2019.05.21,0:00,91.65,93.29,89.2,92.65
2019.05.22,0:00,91.5,92.34,84.26,89.1
2019.05.23,0:00,87.65,88.88,84.5,88.32
2019.05.24,0:00,88.98,103.9,88.17,102.25
2019.05.27,0:00,112.25,121.93,109.83,114.42
2019.05.28,0:00,115.89,119.47,111.38,114.72
2019.05.29,0:00,114.92,118.19,108.37,116
2019.05.30,0:00,115.76,120.51,107.64,110.63
2019.05.31,0:00,106.12,111.04,104.29,111.03
2019.06.03,0:00,114.04,116.05,108.61,111.53
2019.06.04,0:00,109.93,111.03,96.98,100.77
2019.06.05,0:00,97.94,105.06,97.81,102.25
2019.06.06,0:00,103.09,105.42,99.77,104.87
2019.06.07,0:00,108.76,121.14,107.74,115.46
2019.06.10,0:00,113.7,129.15,111.46,125.42
2019.06.11,0:00,125.14,138.85,124.59,137.94
2019.06.12,0:00,136.35,144.1,130.36,133.93
2019.06.13,0:00,132.92,136.78,126.86,131.29
2019.06.14,0:00,132.69,132.91,124.85,129.75
2019.06.17,0:00,136.18,137.47,131.29,133.83
2019.06.18,0:00,134.55,136.72,128.07,134.2
2019.06.19,0:00,132.67,139.45,131.5,138.69
2019.06.20,0:00,138.94,139.28,133.25,135.7
2019.06.21,0:00,134.95,141.43,134.48,136.84
2019.06.24,0:00,137.46,138.19,131.86,132.68
2019.06.25,0:00,134.14,136.72,128.53,131.83
2019.06.26,0:00,132.69,138.16,123.97,128.97
2019.06.27,0:00,128.05,131.78,108.45,112.16
2019.06.28,0:00,114.03,121.49,111.98,119.01
2019.07.01,0:00,128.55,128.6,112.37,118.76
2019.07.02,0:00,120.48,123.79,110.79,116.76
2019.07.03,0:00,117.08,122.76,116.48,117.72
2019.07.04,0:00,118.26,126.97,117.95,122.85
2019.07.05,0:00,122.51,123.12,113.87,118.24
2019.07.08,0:00,119.83,121.36,117.88,120.97
2019.07.09,0:00,120.98,125.27,117.64,118.08
2019.07.10,0:00,119.14,120.17,101.74,106.29
2019.07.11,0:00,106.9,108.07,94.92,101.42
2019.07.12,0:00,102.79,106.82,100.35,104.79
2019.07.15,0:00,92.55,93.17,84.42,90.79
2019.07.16,0:00,90.14,91.99,76.17,79.74
2019.07.17,0:00,80.78,94.51,76.55,90.52
2019.07.18,0:00,92.19,104.6,86.88,99.99
2019.07.19,0:00,99.29,102.9,94.67,97.23
2019.07.22,0:00,98.88,100.54,90.59,94.78
2019.07.23,0:00,94.27,95.18,88.23,92.97
2019.07.24,0:00,92.59,96.9,86.6,93.24
2019.07.25,0:00,94.26,96.57,88.62,92.6
2019.07.26,0:00,91.83,94.31,89.88,93.9
2019.07.29,0:00,88.07,92.08,81.94,90.47
2019.07.30,0:00,90.31,92.49,88.11,89.78
2019.07.31,0:00,90.26,99.21,89.15,98.07
2019.08.01,0:00,98.47,100.44,93.68,98.38
2019.08.02,0:00,97.44,99.19,90.1,92.91
2019.08.05,0:00,92.86,106.78,92.41,97.09
2019.08.06,0:00,97.83,98.97,89.11,92.24
2019.08.07,0:00,90.65,94.16,84.78,89.19
2019.08.08,0:00,90.51,92.33,86.61,88.31
2019.08.09,0:00,89.5,90.17,82.18,84.15
2019.08.12,0:00,89.7,89.98,84.35,85.52
2019.08.13,0:00,85.53,86.23,82.71,83.64
2019.08.14,0:00,83.24,85.61,73.97,76.6
2019.08.15,0:00,76.75,77.36,70.7,76.06
2019.08.16,0:00,76.81,76.85,71.96,75.02
2019.08.19,0:00,77.81,78.68,75.28,75.43
2019.08.20,0:00,74.49,77.08,73,74.82
2019.08.21,0:00,75.75,75.77,69.64,73.33
2019.08.22,0:00,72.53,74.31,70.57,73.37
2019.08.23,0:00,73.44,75.78,72.16,74.47
2019.08.26,0:00,71.03,75.28,70.7,72.78
2019.08.27,0:00,72.8,73.56,69.59,72.11
2019.08.28,0:00,72.32,72.72,63.52,65.87
2019.08.29,0:00,66.16,66.74,61.7,63.87
2019.08.30,0:00,62.88,65.21,61.87,64.91
2019.09.02,0:00,66.49,67.86,64.67,67.35
2019.09.03,0:00,67.21,69.79,66.33,69.12
2019.09.04,0:00,69.68,70.7,66.16,67.33
2019.09.05,0:00,67.61,67.62,61.94,64.3
2019.09.06,0:00,64.14,67.86,63.68,64.78
2019.09.09,0:00,70.02,71.24,66.23,68.94
2019.09.10,0:00,69.28,72.84,67.52,70.56
2019.09.11,0:00,69.46,71.42,66.64,68.4
2019.09.12,0:00,68.1,69.68,67.99,68.56
2019.09.13,0:00,69.02,69.41,66.79,67.79
2019.09.16,0:00,68.89,71.7,68.87,71.23
2019.09.17,0:00,71.5,77.24,71.5,76.58
2019.09.18,0:00,75.31,79.95,73.34,77.94
2019.09.19,0:00,78.06,78.79,70.39,75.78
2019.09.20,0:00,76.25,77.1,71.39,73.77
2019.09.23,0:00,71.15,73.82,68.14,68.19
2019.09.24,0:00,66.75,66.99,54.13,57.06
2019.09.25,0:00,56.44,58.53,52.28,57.06
2019.09.26,0:00,56.43,58.14,49.9,53.56
2019.09.27,0:00,53.75,55.56,52.34,54.81
2019.09.30,0:00,52.22,56.09,51.94,55.01
2019.10.01,0:00,54.2,57.36,54.18,55.69
2019.10.02,0:00,55.79,56.41,54.86,55.18
2019.10.03,0:00,55.58,56.28,53.28,55.63
2019.10.04,0:00,56.06,57.13,54.94,56.73
2019.10.07,0:00,54.58,58.4,52.07,57.17
2019.10.08,0:00,56.66,58.19,55.51,56.31
2019.10.09,0:00,55.34,59.83,55.34,58.84
2019.10.10,0:00,57.53,59.3,57.15,57.49
2019.10.11,0:00,57.41,58.33,55.39,55.41
2019.10.14,0:00,54.93,56.85,54.87,56.48
2019.10.15,0:00,56.32,57.2,53.14,54.24
2019.10.16,0:00,54.2,55.14,50.91,52.42
2019.10.17,0:00,52.4,55,51.4,54.2
2019.10.18,0:00,54.16,54.8,52.01,52.89
2019.10.21,0:00,54.68,55.6,53.67,54.47
2019.10.22,0:00,54.74,54.96,53.67,53.93
2019.10.23,0:00,53.86,53.86,46.84,49.11
2019.10.24,0:00,48.98,50.22,48.18,49.59
2019.10.25,0:00,49.38,58.61,48.93,56.75
2019.10.28,0:00,59.67,62.46,57.4,58.31
2019.10.29,0:00,58.72,60.66,57.35,59.74
2019.10.30,0:00,59.48,60.96,56.83,57.93
2019.10.31,0:00,57.64,59.56,56.94,58.21
2019.11.01,0:00,57.97,58.79,56.58,58.07
2019.11.04,0:00,58.46,62.63,57.77,61.47
2019.11.05,0:00,61.25,64.02,60.73,63.02
2019.11.06,0:00,62.9,63.86,62.41,63.33
2019.11.07,0:00,63.37,64.08,59.98,61.31
2019.11.08,0:00,61.67,62.18,58.51,60.38
2019.11.11,0:00,63.88,64.19,60,62.3
2019.11.12,0:00,61.72,62,59.4,61.11
2019.11.13,0:00,60.89,61.8,60.01,60.63
2019.11.14,0:00,60.59,60.96,58.14,58.97
2019.11.15,0:00,58.84,60.54,55.94,57.26
2019.11.18,0:00,59.31,59.32,53.76,56.17
2019.11.19,0:00,56.04,56.11,54.15,54.75
2019.11.20,0:00,55.01,56,54.44,54.97
2019.11.21,0:00,54.82,55.1,48.18,50.44
2019.11.22,0:00,50.55,51.6,43.48,48.19
2019.11.25,0:00,45.16,47.42,42.31,46.17
2019.11.26,0:00,46.07,47.53,45.2,46.73
2019.11.27,0:00,47.1,48.54,44.61,47.73
2019.11.28,0:00,47.56,47.91,46.52,47.09
2019.11.29,0:00,46.64,49.31,46.19,48.5
2019.12.02,0:00,47.79,48,44.69,45.44
2019.12.03,0:00,45.76,46.16,44.27,45.05
2019.12.04,0:00,44.9,47.23,43.71,44.49
2019.12.05,0:00,44.69,45.18,43.6,44.47
2019.12.06,0:00,44.72,45.49,43.98,45.08
2019.12.09,0:00,45.58,45.82,43.93,44.35
2019.12.10,0:00,44.34,44.54,43.48,43.68
2019.12.11,0:00,43.86,44.27,43.05,43.33
2019.12.12,0:00,43.4,43.94,42.72,43.54
2019.12.13,0:00,43.54,44.46,43.34,44.09
2019.12.16,0:00,43.41,43.48,38.69,39.98
2019.12.17,0:00,39.96,40.05,36.27,36.87
2019.12.18,0:00,36.69,41.43,35.78,40.68
2019.12.19,0:00,41.3,41.53,39.01,39.49
2019.12.20,0:00,39.4,40.26,39.11,40.1
2019.12.23,0:00,41.57,42.45,40.64,40.67
2019.12.24,0:00,40.39,40.89,39.48,39.76
2019.12.26,0:00,39.41,41.54,39.41,39.91
2019.12.27,0:00,39.87,41.2,39.4,40.68
2019.12.30,0:00,43.04,43.94,41.58,42.09
2019.12.31,0:00,42.26,42.82,40.69,40.86
2020.01.02,0:00,40.92,41.39,38.95,39.42
2020.01.03,0:00,39.37,42.23,38.6,41.37
2020.01.06,0:00,42.98,45.06,42.81,44.74
2020.01.07,0:00,45.34,46.48,44.21,45.8
2020.01.08,0:00,45.78,48.19,43.62,44.71
2020.01.09,0:00,45.15,45.42,43.52,43.98
2020.01.10,0:00,44.19,49.14,43.46,48.41
2020.01.13,0:00,50.64,51.27,48.54,49.58
2020.01.14,0:00,49.27,60.16,49.22,56.92
2020.01.15,0:00,57.47,59.78,54.93,57.79
2020.01.16,0:00,58.62,58.84,54.31,57.33
2020.01.17,0:00,57.32,62.79,56.34,60.75
2020.01.20,0:00,56.93,57.9,55.44,57.07
2020.01.21,0:00,56.82,57.71,55.42,57.04
2020.01.22,0:00,57.2,58.88,56.82,57.79
2020.01.23,0:00,57.5,57.92,51.95,53.92
2020.01.24,0:00,53.82,55.05,50.4,54.44
2020.01.27,0:00,55.59,59.33,55.52,58.82
2020.01.28,0:00,58.48,61.2,57.09,58.83
2020.01.29,0:00,59.07,62.17,58.78,59.98
2020.01.30,0:00,59.92,69.68,57.98,68.62
2020.01.31,0:00,68.67,69.69,65.18,67.75
2020.02.03,0:00,70.62,72.77,68.2,69.4
2020.02.04,0:00,69.34,70.23,66.45,67.46
2020.02.05,0:00,67.58,73.2,67.4,72.81
2020.02.06,0:00,72.25,74.67,70.72,72.8
2020.02.07,0:00,72.46,75.01,72.21,72.97
2020.02.10,0:00,76.5,76.97,71.87,73.37
2020.02.11,0:00,73.4,77.37,72.29,76.18
2020.02.12,0:00,76.39,82.33,76.14,80.78
2020.02.13,0:00,81.07,83.85,76.75,79.45
2020.02.14,0:00,79.38,82.53,78.09,82.3
2020.02.17,0:00,73.46,75.6,68.36,72.18
2020.02.18,0:00,71.71,78.82,69.95,77.03
2020.02.19,0:00,76.88,79.61,66.68,70.27
2020.02.20,0:00,71.95,72.02,65.04,68.8
2020.02.21,0:00,69.48,74.89,68.29,72.55
2020.02.24,0:00,79.11,79.88,71.38,73.76
2020.02.25,0:00,74.78,75.87,69.18,71.38
2020.02.26,0:00,71.85,71.94,57.11,60.59
2020.02.27,0:00,60.83,64.72,56.91,60.84
2020.02.28,0:00,62.11,63.11,56.25,59.7
2020.03.02,0:00,57.86,62.16,57.09,61.85
2020.03.03,0:00,60.91,62.3,59.4,60.65
2020.03.04,0:00,61.07,61.68,58.74,59.91
2020.03.05,0:00,60.22,63.16,59.99,62.13
2020.03.06,0:00,61.47,63.67,61.14,62.85
2020.03.09,0:00,52.63,53.25,46.47,48.9
2020.03.10,0:00,48.5,51.24,48.41,50.48
2020.03.11,0:00,50.27,50.57,45.38,48.25
2020.03.12,0:00,47.6,48.82,29.6,32.86
2020.03.13,0:00,33.23,40.13,24.53,35.58
2020.03.16,0:00,37.64,37.8,29.01,31.75
2020.03.17,0:00,32.17,35.83,31.63,34.7
2020.03.18,0:00,34.62,34.78,32.11,33.92
2020.03.19,0:00,34.05,40.5,33.56,39.37
2020.03.20,0:00,39.63,43.48,33.58,35.36
2020.03.23,0:00,36.01,39.84,34.27,38.62
2020.03.24,0:00,38.3,40.47,37.92,39.87
2020.03.25,0:00,39.81,40.78,37.69,38.53
2020.03.26,0:00,38.38,39.65,38.18,39.07
2020.03.27,0:00,39.28,41.05,38.8,39.73
2020.03.30,0:00,36.95,39.29,36.78,38.93
2020.03.31,0:00,39.15,39.42,38.13,38.95
2020.04.01,0:00,39.01,39.1,36.84,37.72
2020.04.02,0:00,38.28,42.9,38.18,39.58
2020.04.03,0:00,39.89,40.99,39.4,40
2020.04.06,0:00,39.96,44.67,39.9,43.78
2020.04.07,0:00,44.53,47.34,43.4,43.92
2020.04.08,0:00,44.33,46.93,44.04,45.93
2020.04.09,0:00,46.12,46.53,44.43,45.89
2020.04.10,0:00,46.27,46.53,40.58,42.03
2020.04.13,0:00,43.1,43.26,39.18,40.86
2020.04.14,0:00,40.69,41.59,40.23,40.83
2020.04.15,0:00,40.8,41.46,39.82,40.2
2020.04.16,0:00,40.1,43.68,37.61,42.3
2020.04.17,0:00,42.43,42.88,41.35,42.12
2020.04.20,0:00,42.7,43.04,39.23,40.19
2020.04.21,0:00,40.01,41.06,39.78,40.43
2020.04.22,0:00,40.46,42.09,39.99,41.63
2020.04.23,0:00,41.4,43.83,40.68,43.05
2020.04.24,0:00,43.18,44.72,42.46,44.37
2020.04.27,0:00,43.96,44.88,42.83,43.56
2020.04.28,0:00,43.68,44.56,43.06,44.47
2020.04.29,0:00,44.5,49.66,44.45,48.41
2020.04.30,0:00,48.51,50.39,45.33,46.76
2020.05.01,0:00,46.41,47.99,45.88,46.57
2020.05.04,0:00,47.39,47.97,44.8,46.61
2020.05.05,0:00,46.9,47.46,45.24,46.15
2020.05.06,0:00,46.26,47.29,45.8,45.97
2020.05.07,0:00,46.22,47.94,43.96,47.11
2020.05.08,0:00,47.06,48.05,46.05,47.61
2020.05.11,0:00,42,42.53,38.95,41.04
2020.05.12,0:00,40.93,42.57,40.72,41.89
2020.05.13,0:00,41.5,43.24,40.92,42.96
2020.05.14,0:00,43.33,44.03,41.89,43.52
2020.05.15,0:00,43.65,43.9,41.4,42.01
2020.05.18,0:00,43.61,46.27,43.2,44.76
2020.05.19,0:00,44.66,45.27,43.68,44.87
2020.05.20,0:00,44.93,45.8,42.64,43.93
2020.05.21,0:00,43.85,44.26,41.29,42.33
2020.05.22,0:00,42.35,44.29,41.96,44.27
2020.05.25,0:00,42.9,42.97,41.39,42.66
2020.05.26,0:00,42.53,42.76,41.44,42.16
2020.05.27,0:00,42,43.72,41.88,43.26
2020.05.28,0:00,43.02,44.32,42.81,44.03
2020.05.29,0:00,43.86,44.98,43.86,44.25
2020.06.01,0:00,45.72,47.23,44.6,47.06
2020.06.02,0:00,47.01,49.79,43.88,45.33
2020.06.03,0:00,45.51,47.16,44.88,46.7
2020.06.04,0:00,46.46,47.78,45.98,46.9
2020.06.05,0:00,46.97,47.68,46.19,46.67
2020.06.08,0:00,46.25,46.61,45.68,45.74
2020.06.09,0:00,45.82,46.51,45.06,45.52
2020.06.10,0:00,45.66,46.87,45.17,46.33
2020.06.11,0:00,46.11,46.72,41.66,43.34
2020.06.12,0:00,43.48,44.97,42.46,44.57
2020.06.15,0:00,43.61,43.98,41.52,43.7
2020.06.16,0:00,43.47,43.9,43.01,43.48
2020.06.17,0:00,43.46,44.7,42.75,43.4
2020.06.18,0:00,43.62,43.91,42.68,42.85
2020.06.19,0:00,43.07,43.38,42.51,42.86
2020.06.22,0:00,42.86,44.24,42.6,44.14
2020.06.23,0:00,44.19,44.19,43.56,43.87
2020.06.24,0:00,43.97,44.42,41.84,42.33
2020.06.25,0:00,42.33,42.68,41.34,42.1
2020.06.26,0:00,42.19,43.26,41.07,43.01
2020.06.29,0:00,41.13,41.52,40.28,41.42
2020.06.30,0:00,41.59,41.98,40.43,40.85
2020.07.01,0:00,40.94,41.73,40.69,41.41
2020.07.02,0:00,41.59,41.6,40.05,40.62
2020.07.03,0:00,40.76,41.4,40.59,41.05
2020.07.06,0:00,41.02,43.83,41.01,43.24
2020.07.07,0:00,43.28,44.2,42.79,43
2020.07.08,0:00,42.88,45.34,42.87,45.01
2020.07.09,0:00,45.21,45.6,43.32,43.8
2020.07.10,0:00,43.99,44.36,43.23,43.85
2020.07.13,0:00,44,45.34,42.28,43.48
2020.07.14,0:00,43.68,43.79,42.6,43.45
2020.07.15,0:00,43.34,43.75,42.63,43.06
2020.07.16,0:00,43.09,43.18,40.57,41.66
2020.07.17,0:00,41.58,42.16,41.45,41.59
2020.07.20,0:00,42.27,42.64,41.12,41.63
2020.07.21,0:00,41.69,43.83,41.63,43.36
2020.07.22,0:00,43.4,43.73,42.99,43.5
2020.07.23,0:00,43.47,45.49,43.43,44.53
2020.07.24,0:00,44.74,44.85,43.69,44.29
2020.07.27,0:00,47.78,54.67,46.6,54.33
2020.07.28,0:00,53.36,57.84,51.5,56.39
2020.07.29,0:00,55.82,56.86,54.43,55.68
2020.07.30,0:00,55.89,58.36,53.71,57.3
2020.07.31,0:00,56.92,58.92,55.61,58.05
2020.08.03,0:00,57.08,59.66,55.38,58.44
2020.08.04,0:00,57.53,59.23,56,57.12
2020.08.05,0:00,57.51,59.18,56.38,59.09
2020.08.06,0:00,59.5,60.31,57.21,59.28
2020.08.07,0:00,58.76,60.67,54.19,56.81
2020.08.10,0:00,56.61,59.18,56.18,57.84
2020.08.11,0:00,57.74,59.38,51.91,52.71
2020.08.12,0:00,53.23,54.67,51.18,54.51
2020.08.13,0:00,54.28,55.04,51.58,54.51
2020.08.14,0:00,56.1,57.63,55.64,56.56
2020.08.17,0:00,61.59,67.87,61.18,67.25
2020.08.18,0:00,68.05,68.52,63.1,66.77
2020.08.19,0:00,66.68,66.87,58.34,60.71
2020.08.20,0:00,61.03,63.46,60.7,62.42
2020.08.21,0:00,62.38,63.64,59.05,60.19
2020.08.24,0:00,60.67,62.79,59.76,61.66
2020.08.25,0:00,61.81,62.31,56.38,57.39
2020.08.26,0:00,57.59,58.8,56.74,58.35
2020.08.27,0:00,58.12,58.99,53.69,55.09
2020.08.28,0:00,55.5,58.01,55.07,56.55
2020.08.31,0:00,61.31,63.47,60.3,60.68
2020.09.01,0:00,60.4,64.08,59.48,63.45
2020.09.02,0:00,63.52,64.14,56.09,57.71
2020.09.03,0:00,57.94,58.29,51.58,53.18
2020.09.04,0:00,52.87,53.02,44.79,50.9
2020.09.07,0:00,48.23,48.48,45.01,47.68
2020.09.08,0:00,47.51,49.33,46.07,46.7
2020.09.09,0:00,47.09,48.58,45.78,47.9
2020.09.10,0:00,47.73,49.18,47.31,48.11
2020.09.11,0:00,48.38,48.93,47.12,48.58
2020.09.14,0:00,47.58,49.45,46.8,48.54
2020.09.15,0:00,48.76,50.07,48.09,48.4
2020.09.16,0:00,48.6,48.63,46.67,47.81
2020.09.17,0:00,47.94,49.42,47.46,48.77
2020.09.18,0:00,48.93,48.93,47.23,47.8
2020.09.21,0:00,46.63,47.4,41.34,43.49
2020.09.22,0:00,43.47,44.09,42.51,43.85
2020.09.23,0:00,44.55,44.9,41.98,42.72
2020.09.24,0:00,43.08,45.01,42.31,44.74
2020.09.25,0:00,44.48,46.32,43.7,45.84
2020.09.28,0:00,45.61,46.93,45.5,45.97
2020.09.29,0:00,46,46.07,44.52,45.17
2020.09.30,0:00,45.17,46.44,45.13,45.62
2020.10.01,0:00,45.56,48.23,44.93,45.91
2020.10.02,0:00,45.56,46.73,42.96,44.66
2020.10.05,0:00,46.37,46.84,45.29,45.73
2020.10.06,0:00,45.81,47.99,45.26,45.61
2020.10.07,0:00,45.45,46.64,44.7,46.4
2020.10.08,0:00,46.28,47.25,45.18,47.06
2020.10.09,0:00,46.91,47.94,46.37,47.31
2020.10.12,0:00,50.27,51.13,48.95,50.84
2020.10.13,0:00,51.2,51.25,48.6,49.54
2020.10.14,0:00,49.76,50.78,49.03,49.33
2020.10.15,0:00,49.21,49.98,48.57,49.35
2020.10.16,0:00,49.12,49.57,45.28,46.97
2020.10.19,0:00,47.13,48.15,46.5,47.8
2020.10.20,0:00,47.88,48.14,46.1,46.6
2020.10.21,0:00,46.63,53.1,46.46,52.73
2020.10.22,0:00,53.26,56.02,52.5,54.3
2020.10.23,0:00,54.6,56.69,52.87,55.27
2020.10.26,0:00,58.47,59,54.68,56.19
2020.10.27,0:00,56.14,58.77,56.06,57.28
2020.10.28,0:00,57.14,60.18,54.46,55.29
2020.10.29,0:00,55.09,56.22,53.02,54.69
2020.10.30,0:00,54.78,55.44,51.86,53.8
2020.11.02,0:00,55.19,56.48,52.73,53.7
2020.11.03,0:00,53.52,54.07,50.76,53.28
2020.11.04,0:00,53.39,54.68,51.28,54.19
2020.11.05,0:00,54.53,59.34,54.13,58.1
2020.11.06,0:00,58.98,62.74,58.23,61.01
2020.11.09,0:00,60.7,61.51,57.2,58.89
2020.11.10,0:00,58.38,59.26,56.72,57.95
2020.11.11,0:00,57.97,60.25,57.5,59.32
2020.11.12,0:00,59.21,60.18,57.35,58.6
2020.11.13,0:00,58.89,66.23,58.69,65.35
2020.11.16,0:00,61.92,72.32,61.78,70.42
2020.11.17,0:00,71.26,75.5,71,74.17
2020.11.18,0:00,76.11,76.75,67.69,72.97
2020.11.19,0:00,73.65,83.19,71.1,80.52
2020.11.20,0:00,81.48,85.39,79.89,83.73
2020.11.23,0:00,85.61,90.37,80.72,87.57
2020.11.24,0:00,88.09,93.6,85.06,87.72
2020.11.25,0:00,87.99,90.24,81.93,83.45
2020.11.26,0:00,82.54,82.83,64.28,69.05
2020.11.27,0:00,70.76,73.36,65.15,68.65
2020.11.30,0:00,79.15,88.18,76.3,86.25
2020.12.01,0:00,87.48,92.69,79.39,87.69
2020.12.02,0:00,86.21,90.33,82.57,86.71
2020.12.03,0:00,88.52,91.21,85.2,88.59
2020.12.04,0:00,88.53,89.57,80.43,80.78
2020.12.07,0:00,82.13,86.6,81.45,82.93
2020.12.08,0:00,83.09,84.5,76.53,77.53
2020.12.09,0:00,75.68,77.52,71.96,77.2
2020.12.10,0:00,77.54,77.8,72.9,74.8
2020.12.11,0:00,75.07,75.18,69.69,72.71
2020.12.14,0:00,81.53,82.69,78.84,81
2020.12.15,0:00,81.78,84.6,79.97,81.72
2020.12.16,0:00,81.49,91.57,78.05,90.88
2020.12.17,0:00,91.57,109.06,89.77,101.28
2020.12.18,0:00,102.75,112.28,98.78,107.66
2020.12.21,0:00,113.77,118.1,100.04,106.76
2020.12.22,0:00,106.73,113.05,97.81,108.44
2020.12.23,0:00,111.76,116.77,100.17,102.46
2020.12.24,0:00,104.04,109.19,98.21,106.63
2020.12.28,0:00,127.69,136.43,125.96,128.82
2020.12.29,0:00,128.94,130.91,119.56,125.72
2020.12.30,0:00,125.79,132.56,122.45,127.08
2020.12.31,0:00,127.26,129.97,121.3,123.76
2021.01.04,0:00,156.83,172.87,139.21,149.76
2021.01.05,0:00,151.66,159.59,145.96,157.61
2021.01.06,0:00,160.79,169.36,154.79,165.11
2021.01.07,0:00,165.19,180.7,161.07,172.62
2021.01.08,0:00,171.28,181.24,149.23,167.74
2021.01.11,0:00,170.16,171.76,112.43,130.67
2021.01.12,0:00,134.75,146.9,127.68,136.87
2021.01.13,0:00,132.45,145.32,125.63,144.93
2021.01.14,0:00,144.74,156.38,142.98,149.46
2021.01.15,0:00,149.76,155.14,130.06,140.35
2021.01.18,0:00,143.64,154.67,138.35,148.96
2021.01.19,0:00,149.15,166.02,148.7,158.36
2021.01.20,0:00,158.42,158.61,137.8,146.48
2021.01.21,0:00,148.07,149.9,129.37,131.5
2021.01.22,0:00,130.92,141.55,122.68,137.93
2021.01.25,0:00,139.28,147.45,136.68,138.43
2021.01.26,0:00,137.28,139.37,128.13,133.16
2021.01.27,0:00,135.16,136.07,117.92,123.63
2021.01.28,0:00,124.56,132.4,120.5,132.26
2021.01.29,0:00,133.63,145.67,131.29,135.49
2021.02.01,0:00,128.19,136.41,125.69,131.58
2021.02.02,0:00,132.33,145.87,131.45,142.05
2021.02.03,0:00,144.85,155.94,141.93,154.52
2021.02.04,0:00,154.25,158.59,140.85,147.98
2021.02.05,0:00,146.24,156.64,143.18,152.38
2021.02.08,0:00,150.42,168.16,147.45,164.1
2021.02.09,0:00,165.24,178.06,163.92,176.71
2021.02.10,0:00,175.31,194.99,169.68,179.92
2021.02.11,0:00,181.65,193.2,175.4,182.42
2021.02.12,0:00,185.7,197.62,176.43,194.58
2021.02.15,0:00,218.22,219.49,185.18,210.63
2021.02.16,0:00,213.1,221.61,199.68,205.78
2021.02.17,0:00,209.3,236.65,203.25,235.68
2021.02.18,0:00,232.11,238.68,220.57,228.71
2021.02.19,0:00,226.69,241.22,219.68,237.08
2021.02.22,0:00,225.66,227.16,178.51,208.94
2021.02.23,0:00,205.33,208.2,155.11,172.85
2021.02.24,0:00,174.95,188.97,168.49,176.34
2021.02.25,0:00,177.04,204.87,174.94,185.97
2021.02.26,0:00,186.21,187.73,162.24,168.69
2021.03.01,0:00,164.73,175.91,163.56,172.13
2021.03.02,0:00,174.51,185.09,170.69,172.6
2021.03.03,0:00,175.02,196.23,174.63,189.36
2021.03.04,0:00,187.29,194.18,176.82,178.95
2021.03.05,0:00,179.57,181.76,168.52,180.61
2021.03.08,0:00,187.4,194.99,179.36,188.47
2021.03.09,0:00,188.6,203.45,188.6,199.13
2021.03.10,0:00,204.41,207.75,191.44,203.09
2021.03.11,0:00,204.8,205.08,190.9,200.45
2021.03.12,0:00,201.18,223.23,198.34,221.1
2021.03.15,0:00,217.7,222.09,197.55,202.71
2021.03.16,0:00,202.44,204.61,191.31,199.48
2021.03.17,0:00,199.75,206.37,193.59,201.67
2021.03.18,0:00,204.3,207.89,198.62,198.76
2021.03.19,0:00,200.74,204.52,195.14,200.41
2021.03.22,0:00,197.06,198.43,185.26,185.6
2021.03.23,0:00,186.92,188.89,182.06,183.28
2021.03.24,0:00,183.32,196.57,182.23,187.17
2021.03.25,0:00,184.54,184.54,167.22,173.84
2021.03.26,0:00,174.3,182.57,170.84,182.38
2021.03.29,0:00,181.5,197.19,181.1,193.83
2021.03.30,0:00,194.05,199.99,190.04,194.1
2021.03.31,0:00,195.12,198.71,186.84,195.24
2021.04.01,0:00,194.91,204.56,193.8,200.74
2021.04.02,0:00,204.83,211.41,200.93,205.81
2021.04.05,0:00,201.7,220.48,197.68,216.92
2021.04.06,0:00,219.88,243.97,212.58,242.34
2021.04.07,0:00,236.94,242.44,210.58,220
2021.04.08,0:00,219.9,227.15,216.59,223.39
2021.04.09,0:00,224.71,228.59,220.88,222.72
2021.04.12,0:00,247.01,258.53,238.86,244.09
2021.04.13,0:00,245.31,272.51,243.84,265.9
2021.04.14,0:00,262.86,282.25,254.63,266.65
2021.04.15,0:00,279.89,288.34,265.58,287.24
2021.04.16,0:00,284.34,315.66,264.15,309.63
2021.04.19,0:00,268.35,281.35,250.06,270.73
2021.04.20,0:00,265.96,272.23,234.45,265.59
2021.04.21,0:00,267.25,276.3,250.39,264.18
2021.04.22,0:00,262.34,289.01,250.59,255.59
2021.04.23,0:00,256.15,258.7,206.58,235.98
2021.04.26,0:00,215.53,247.98,214.84,240.19
2021.04.27,0:00,241.82,262.62,238.95,259.43
2021.04.28,0:00,261.29,266.28,248.19,252.29
2021.04.29,0:00,255.76,262.24,248.03,250.21
2021.04.30,0:00,252.83,270.01,252.13,265.34
2021.05.03,0:00,268.03,299.05,266.49,289.34
2021.05.04,0:00,292.81,327.18,270.45,315.12
2021.05.05,0:00,308.95,359.42,300.74,347.2
2021.05.06,0:00,352.11,364.59,318.09,328.39
2021.05.07,0:00,338.22,372.08,335.59,345.97
2021.05.10,0:00,367.19,412.65,333.58,360.1
2021.05.11,0:00,371.08,374.71,344.48,372.76
2021.05.12,0:00,368.53,393.66,337.6,356.65
2021.05.13,0:00,356.79,358.52,291.62,305.74
2021.05.14,0:00,307.39,338.72,299.66,320.12
2021.05.17,0:00,286.75,297.28,261.58,290.13
2021.05.18,0:00,290.13,317.57,272.81,294.54
2021.05.19,0:00,294.56,300,143.68,198.06
2021.05.20,0:00,198.06,224.15,166.58,207.06
2021.05.21,0:00,207.05,218.75,167.78,168.09
2021.05.24,0:00,138.88,182.6,137.99,177.37
2021.05.25,0:00,177.31,194.06,166.93,173.15
2021.05.26,0:00,173.15,203.82,172.02,194.37
2021.05.27,0:00,194.37,208.51,180.24,191.96
2021.05.28,0:00,191.96,198.31,165.08,176.22
2021.05.31,0:00,172.76,186.36,163.09,181.77
2021.06.01,0:00,181.77,192.64,175.44,180.39
2021.06.02,0:00,180.41,190.73,177.88,185.77
2021.06.03,0:00,185.76,197.21,181.67,190.23
2021.06.04,0:00,190.22,193.38,168.56,178.59
2021.06.07,0:00,174.4,181.64,165.08,168.2
2021.06.08,0:00,168.24,168.79,144.6,161.15
2021.06.09,0:00,161.16,172.41,152.08,169.04
2021.06.10,0:00,169.05,174.1,161.75,166.77
2021.06.11,0:00,166.77,173.19,162.7,163.44
2021.06.14,0:00,170.41,177.24,166.07,173.22
2021.06.15,0:00,173.11,180.42,171.46,172.33
2021.06.16,0:00,172.33,176.68,163.67,167.15
2021.06.17,0:00,167.16,172.75,162.22,163.83
2021.06.18,0:00,163.86,166.86,150.71,153.4
2021.06.21,0:00,155.19,155.69,127.52,133.62
2021.06.22,0:00,133.62,133.62,105.23,122.23
2021.06.23,0:00,122.23,133.08,115.13,124.78
2021.06.24,0:00,124.78,136.72,123.27,135.27
2021.06.25,0:00,135.27,137.88,124.24,128.05
2021.06.28,0:00,125.41,138.45,124.49,136.56
2021.06.29,0:00,136.54,148.62,135.32,144.14
2021.06.30,0:00,144.14,146.3,133.48,141.88
2021.07.01,0:00,141.87,144.12,133.47,135.63
2021.07.02,0:00,135.64,138.36,130.02,132.5
2021.07.05,0:00,145.69,147.47,133.28,138.15
2021.07.06,0:00,138.15,142.14,135.08,136.84
2021.07.07,0:00,136.81,142.43,135.22,139.11
2021.07.08,0:00,139.1,139.1,126.96,130.72
2021.07.09,0:00,130.72,134.8,125.26,132.96
2021.07.12,0:00,132.94,139,131.14,132.02
2021.07.13,0:00,132.01,134.07,128.84,130.55
2021.07.14,0:00,130.55,131.55,123,130.61
2021.07.15,0:00,130.61,132.55,121.46,124.79
2021.07.16,0:00,124.79,127.32,119.86,122.99
2021.07.19,0:00,118.47,121.55,111.46,113.47
2021.07.20,0:00,113.46,114.52,103.42,108.56
2021.07.21,0:00,108.58,118.66,104.58,115.99
2021.07.22,0:00,115.98,121.48,115.17,119.57
2021.07.23,0:00,119.56,121.65,116.52,119.44
2021.07.26,0:00,124.1,139.83,124.06,132.56
2021.07.27,0:00,132.52,133.97,126.88,132.57
2021.07.28,0:00,132.57,139.85,131.75,137.68
2021.07.29,0:00,137.61,141.42,136.18,140.16
2021.07.30,0:00,140.16,143.23,135.5,142.17
2021.08.02,0:00,145.73,146.12,137.57,139.34
2021.08.03,0:00,139.3,142.64,135.23,138.75
2021.08.04,0:00,138.75,143.56,135.05,143.11
2021.08.05,0:00,143.11,144.38,135.58,143.76
2021.08.06,0:00,143.75,150.34,141.39,148.03
2021.08.09,0:00,148.44,170.13,144.58,163.54
2021.08.10,0:00,163.59,167.94,158.16,166.51
2021.08.11,0:00,166.51,175.41,163.59,173.53
2021.08.12,0:00,173.53,179.06,160.12,165.56
2021.08.13,0:00,165.52,182.32,161.28,180.71
2021.08.16,0:00,183.21,188.7,177.14,179.38
2021.08.17,0:00,179.29,183.8,169.38,172.56
2021.08.18,0:00,172.56,174.1,162.49,164.47
2021.08.19,0:00,164.47,174.55,162.07,173.49
2021.08.20,0:00,173.48,183.54,172.64,180.38
2021.08.23,0:00,178.41,191.18,178.3,185.59
2021.08.24,0:00,185.61,188.07,171.74,176.14
2021.08.25,0:00,176.16,178.35,168.63,176.29
2021.08.26,0:00,176.25,179.61,164.6,169.4
2021.08.27,0:00,169.4,174.92,164.51,174.3
2021.08.30,0:00,175.15,177.38,167.05,174.4
2021.08.31,0:00,174.4,174.79,165.13,171.29
2021.09.01,0:00,171.29,180.3,168.18,179.65
2021.09.02,0:00,179.62,186.99,178.86,186.99
2021.09.03,0:00,187,217.08,179.17,211.34
2021.09.06,0:00,224.58,231.95,214.64,221.66
2021.09.07,0:00,221.64,223.23,154.67,175.52
2021.09.08,0:00,176.21,188.49,163.7,180.23
2021.09.09,0:00,180.41,188.47,176.18,180.62
2021.09.10,0:00,180.37,187.1,170.5,174.4
2021.09.13,0:00,177.97,229.97,170.84,181.28
2021.09.14,0:00,181.86,188.36,175.84,181.6
2021.09.15,0:00,180.33,185.81,179.09,184.78
2021.09.16,0:00,184.43,194.83,182.04,183.37
2021.09.17,0:00,182.4,189.93,177.12,179.96
2021.09.20,0:00,176.55,176.94,153.1,157.52
2021.09.21,0:00,158.73,162.04,149.84,151.28
2021.09.22,0:00,147.97,161.26,143.82,159.75
2021.09.23,0:00,159.74,164.43,156.61,163.01
2021.09.24,0:00,163,166.04,141.28,150.72
2021.09.27,0:00,151.9,154.45,146.03,146.62
2021.09.28,0:00,146.57,149.43,141.61,143.52
2021.09.29,0:00,143.51,149.79,139.26,142.86
2021.09.30,0:00,142.86,154.09,142.43,150.79
2021.10.01,0:00,150.79,166.6,150.62,165.37
2021.10.04,0:00,169.97,171.06,160.9,167.43
2021.10.05,0:00,167.43,174.91,165.22,173.98
2021.10.06,0:00,173.96,182.49,163.39,180.75
2021.10.07,0:00,180.75,186.5,173.04,179.13
2021.10.08,0:00,179.13,182.92,174.58,175.41
2021.10.11,0:00,174.47,184.71,171.86,175.01
2021.10.12,0:00,175,178.92,165.66,171.71
2021.10.13,0:00,171.72,178.62,167.08,175.53
2021.10.14,0:00,175.53,186.08,175.34,179.12
2021.10.15,0:00,179.11,192.38,176.06,191.22
2021.10.18,0:00,178.44,187,177.96,184.12
2021.10.19,0:00,184.12,191.05,181.9,185.35
2021.10.20,0:00,185.38,208.72,185.13,206.83
2021.10.21,0:00,206.82,214.04,194.6,197.79
2021.10.22,0:00,197.75,200.75,189.7,191.98
2021.10.25,0:00,189.34,196.72,188.48,193.79
2021.10.26,0:00,193.76,196.99,189.87,195.46
2021.10.27,0:00,195.44,204.3,170.71,182.93
2021.10.28,0:00,182.93,193.88,176.95,191.78
2021.10.29,0:00,191.81,196.11,187.65,193.75
2021.11.01,0:00,191.61,200.59,187.37,193.5
2021.11.02,0:00,193.47,204.36,193.42,199.66
2021.11.03,0:00,199.66,208.9,196.87,207.16
2021.11.04,0:00,207.16,207.41,195.7,200.9
2021.11.05,0:00,200.91,203.45,196.23,196.73
2021.11.08,0:00,201.15,229.09,199.97,224.79
2021.11.09,0:00,224.79,274.21,223.87,269.04
2021.11.10,0:00,268.9,294.43,253.85,256.7
2021.11.11,0:00,256.7,273.18,250.08,264.59
2021.11.12,0:00,264.57,281.8,243.39,251.26
2021.11.15,0:00,272.38,280.58,258.34,262.4
2021.11.16,0:00,262.41,264.97,221.65,232.65
2021.11.17,0:00,232.75,234.88,217.7,226.12
2021.11.18,0:00,226.12,231.83,199.2,204.45
2021.11.19,0:00,204.45,220.65,199.13,216.6
2021.11.22,0:00,226.4,227.3,204.85,208
2021.11.23,0:00,208.01,214.74,204.67,213.95
2021.11.24,0:00,213.96,218.2,205.58,210.27
2021.11.25,0:00,210.28,229.18,209.69,221.18
2021.11.26,0:00,221.17,225.07,189.21,197.99
2021.11.29,0:00,198.11,208.98,193.36,206.33
2021.11.30,0:00,206.32,219.23,197.27,208.71
2021.12.01,0:00,208.68,217.29,204.48,206.71
2021.12.02,0:00,206.71,209.57,199.58,205.51
2021.12.03,0:00,205.51,207.55,179.48,189.46
2021.12.06,0:00,153.58,160.08,141.07,158.61
2021.12.07,0:00,158.6,165.4,157.79,160.47
2021.12.08,0:00,160.47,169.68,155.54,163.89
2021.12.09,0:00,163.89,166.59,151.87,154.01
2021.12.10,0:00,154.01,159.48,148.28,152.3
2021.12.13,0:00,159.34,160.18,142.36,145.12
2021.12.14,0:00,145.12,151.43,142.58,149.99
2021.12.15,0:00,149.97,154.51,141.32,153.94
2021.12.16,0:00,153.98,156.12,149.12,150.96
2021.12.17,0:00,150.96,151.38,140.68,145.85
2021.12.18,0:00,145.86,149.43,142.36,148.46
2021.12.19,0:00,148.47,160.53,147.15,153.62
2021.12.20,0:00,153.6,156.92,144.75,152.47
2021.12.21,0:00,152.47,155.83,148.56,155.13
2021.12.22,0:00,155.14,159.61,152.47,156.45
2021.12.23,0:00,156.46,164.61,152.61,162.86
2021.12.24,0:00,162.86,166.2,159.93,161.51
2021.12.25,0:00,161.51,163.12,158.02,161.69
2021.12.26,0:00,161.68,161.74,152.62,156.35
2021.12.27,0:00,156.31,160.76,154.04,158.35
2021.12.28,0:00,158.36,159.3,143.9,145.44
2021.12.29,0:00,145.43,150.43,144.36,148.1
2021.12.30,0:00,148.1,149.49,142.05,147.23
2021.12.31,0:00,147.18,152.22,143.21,145.59
2022.01.01,0:00,145.6,150.44,145.29,149.22
2022.01.02,0:00,149.22,152.75,147.28,149.85
2022.01.03,0:00,149.84,151.28,145.46,146.6
2022.01.04,0:00,146.59,151.04,144.75,147.08
2022.01.05,0:00,147.09,149.36,135.19,135.59
2022.01.06,0:00,135.59,137.45,129.36,135.85
2022.01.07,0:00,135.83,136.44,125.46,131.92
2022.01.08,0:00,131.92,134.15,124.27,129.17
2022.01.09,0:00,129.17,131.98,127.24,131.33
2022.01.10,0:00,131.33,131.92,120.19,126.19
2022.01.11,0:00,126.16,132.91,125.21,130.59
2022.01.12,0:00,130.58,141.59,130.39,140.03
2022.01.13,0:00,140.03,141.76,134.06,136.08
2022.01.14,0:00,136.09,145.9,135.36,144.34
2022.01.15,0:00,144.34,149.19,143.32,147.29
2022.01.16,0:00,147.28,148.4,142.65,146.05
2022.01.17,0:00,146.05,153.46,143.5,146.84
2022.01.18,0:00,146.86,152.95,138.12,141.79
2022.01.19,0:00,141.8,143.27,132.66,136.44
2022.01.20,0:00,136.42,142.33,132.85,132.85
2022.01.21,0:00,132.85,134.12,109.11,113.92
2022.01.22,0:00,113.91,116.48,103.71,109.6
2022.01.23,0:00,109.61,111.42,105.2,107.51
2022.01.24,0:00,107.49,112.26,96.87,109.36
2022.01.25,0:00,109.36,109.7,104.77,106.31
2022.01.26,0:00,106.3,116.01,104.21,104.47
2022.01.27,0:00,104.46,109.41,102.4,104.57
2022.01.28,0:00,104.56,109.56,103.82,108.57
2022.01.29,0:00,108.57,111.7,107.1,110.74
2022.01.30,0:00,110.74,111.71,107.3,107.69
2022.01.31,0:00,107.69,110.81,103.86,108.62
2022.02.01,0:00,108.62,115.32,107.71,114.61
2022.02.02,0:00,114.61,116.34,106.77,107.93
2022.02.03,0:00,107.92,109.19,104.87,108.79
2022.02.04,0:00,108.8,119.01,108.2,118.58
2022.02.05,0:00,118.58,123.29,117.89,121.87
2022.02.06,0:00,121.87,127.33,120.15,124.29
2022.02.07,0:00,124.28,139.27,123.62,136.26
2022.02.08,0:00,136.26,142.28,130.11,132.76
2022.02.09,0:00,132.76,140.48,131.58,139.07
2022.02.10,0:00,139.07,143.37,133.36,135.87
2022.02.11,0:00,135.87,136.81,125.27,126
2022.02.12,0:00,125.97,126.44,116.77,118.97
2022.02.13,0:00,118.97,123.52,118.2,120.77
2022.02.14,0:00,120.78,126.43,116.84,122.96
2022.02.15,0:00,122.97,131.95,122.97,128.79
2022.02.16,0:00,128.8,131.87,125.02,128.16
2022.02.17,0:00,128.16,128.71,114.47,116.74
2022.02.18,0:00,116.76,122.82,113.94,114.89
2022.02.19,0:00,114.9,116.71,112.61,114.34
2022.02.20,0:00,114.35,115.34,108.05,109.51
2022.02.21,0:00,109.52,114.12,104.67,104.99
2022.02.22,0:00,105.02,107.07,99.85,105.54
2022.02.23,0:00,105.55,111.01,105.09,106.63
2022.02.24,0:00,106.64,107.15,91.14,104.59
2022.02.25,0:00,104.59,107.99,101.17,107.76
2022.02.26,0:00,107.8,114.37,106.12,108.6
2022.02.27,0:00,108.6,109.66,100.83,102.33
2022.02.28,0:00,102.35,110.46,100.79,110.05
2022.03.01,0:00,110.05,115.52,109.49,111.04
2022.03.02,0:00,111.04,114.19,108.63,110.69
2022.03.03,0:00,110.64,112.52,107.37,109.96
2022.03.04,0:00,109.97,112.16,100.34,100.96
2022.03.05,0:00,100.95,104.82,98.5,103.94
2022.03.06,0:00,103.94,104.96,100.79,103.64
2022.03.07,0:00,103.64,104.04,95.74,97.55
2022.03.08,0:00,97.55,102.05,97.25,98.87
2022.03.09,0:00,98.86,108.78,98.75,106.19
2022.03.10,0:00,106.2,106.69,99.16,102.08
2022.03.11,0:00,102.07,106.37,99.23,103.95
2022.03.12,0:00,103.93,107.4,103.81,105.32
2022.03.13,0:00,105.32,106.77,103.04,103.97
2022.03.14,0:00,103.97,105.05,100.28,102.87
2022.03.15,0:00,102.87,108.11,102.1,107.1
2022.03.16,0:00,107.1,111.52,105.22,109.14
2022.03.17,0:00,109.15,111.15,108.19,110.04
2022.03.18,0:00,110.04,112.41,107.25,111.74
2022.03.19,0:00,111.73,114.23,110.84,113.14
2022.03.20,0:00,113.14,117.85,110.74,114.07
2022.03.21,0:00,114.08,116.21,112.53,115.76
2022.03.22,0:00,115.75,123.17,114.75,121.6
2022.03.23,0:00,121.6,123.9,118.08,120.93
2022.03.24,0:00,120.94,126.84,119.53,126.73
2022.03.25,0:00,126.76,127.12,121.09,123.96
2022.03.26,0:00,123.96,125.01,121.43,124.73
2022.03.27,0:00,124.74,127.1,122.72,126.71
2022.03.28,0:00,126.7,132.12,126.33,130.76
2022.03.29,0:00,130.76,131.47,126.24,128.46
2022.03.30,0:00,128.45,133.53,125.09,131.47
2022.03.31,0:00,131.46,132.29,120.53,124.31
2022.04.01,0:00,124.3,125.93,118.6,124.75
2022.04.02,0:00,124.68,127.78,123.09,124.72
2022.04.03,0:00,124.73,127.62,123.12,126.4
2022.04.04,0:00,126.4,128.93,120.66,123.46
2022.04.05,0:00,123.46,126.8,122.62,123.86
2022.04.06,0:00,123.84,124.41,112.33,114.03
2022.04.07,0:00,114.01,114.43,109.56,113.43
2022.04.08,0:00,113.44,114.73,110.42,112.8
2022.04.09,0:00,112.78,112.97,109.03,111.21
2022.04.10,0:00,111.22,114,110.71,113.7
2022.04.11,0:00,113.68,113.93,102.53,103.52
2022.04.12,0:00,103.52,105.26,101.21,102.96
2022.04.13,0:00,102.95,109.98,102.82,109.68
2022.04.14,0:00,109.68,111.79,105.48,106.43
2022.04.15,0:00,106.43,112.35,106.32,110.65
2022.04.16,0:00,110.65,113.54,109.71,110.34
2022.04.17,0:00,110.33,114.44,110.23,110.58
2022.04.18,0:00,110.59,111.41,104.75,109.6
2022.04.19,0:00,109.6,113.24,109.6,112.85
2022.04.20,0:00,112.85,113.65,110.18,112.02
2022.04.21,0:00,112.03,114,106.65,106.87
2022.04.22,0:00,106.88,108.19,104.86,105.62
2022.04.23,0:00,105.62,106.49,104.25,105.83
2022.04.24,0:00,105.85,106.08,102.97,104.18
2022.04.25,0:00,104.18,105.04,97.8,103.75
2022.04.26,0:00,103.75,104.87,98.05,98.64
2022.04.27,0:00,98.65,101.4,95.88,99.66
2022.04.28,0:00,99.68,103.93,99.24,103.43
2022.04.29,0:00,103.43,103.93,98,99.26
2022.04.30,0:00,99.28,101.06,98.25,98.79
2022.05.01,0:00,98.8,99.52,93.58,98.52
2022.05.02,0:00,98.52,100.84,97.88,99.73
2022.05.03,0:00,99.73,101.39,97.08,98
2022.05.04,0:00,98,106.62,97.35,106.05
2022.05.05,0:00,106.05,106.38,93.79,96.56
2022.05.06,0:00,96.53,97.92,92.09,95.65
2022.05.07,0:00,95.66,96.9,94.78,95.69
2022.05.08,0:00,95.67,95.89,91.14,94.5
2022.05.09,0:00,94.5,95.01,76.83,80.02
2022.05.10,0:00,80.03,84.59,72.93,78.71
2022.05.11,0:00,78.72,82.3,65.05,65.34
2022.05.12,0:00,65.34,69.08,51.58,62.83
2022.05.13,0:00,62.82,72.79,60.89,68.07
2022.05.14,0:00,68.08,69.86,63.78,66.1
2022.05.15,0:00,66.11,70.48,65.44,70.24
2022.05.16,0:00,70.25,71.35,64.49,67.5
2022.05.17,0:00,67.5,73.3,66.39,70.98
2022.05.18,0:00,70.93,73.81,65.82,67.29
2022.05.19,0:00,67.28,72.12,64.16,70.62
2022.05.20,0:00,70.62,72.81,66.26,67.99
2022.05.21,0:00,68,70.08,67.33,69.2
2022.05.22,0:00,69.19,71.92,68.75,70.31
2022.05.23,0:00,70.32,73.42,68.02,69.13
2022.05.24,0:00,69.13,70.51,66.53,69.8
2022.05.25,0:00,69.81,71.08,67.39,68.19
2022.05.26,0:00,68.2,68.38,60.04,63.64
2022.05.27,0:00,63.64,64.29,60.44,61.46
2022.05.28,0:00,61.47,63.5,60.57,62.69
2022.05.29,0:00,62.69,63.89,61.36,62.51
2022.05.30,0:00,62.52,67.73,62.38,67.59
2022.05.31,0:00,67.59,69.26,66.23,67.97
2022.06.01,0:00,67.98,70.06,61.29,62.3
2022.06.02,0:00,62.3,63.75,61.57,63.38
2022.06.03,0:00,63.38,64.37,60.84,61.73
2022.06.04,0:00,61.74,62.97,60.91,62.87
2022.06.05,0:00,62.87,63.83,61.23,62.98
2022.06.06,0:00,62.98,65.96,62.44,63.55
2022.06.07,0:00,63.56,64.93,59.75,64.56
2022.06.08,0:00,64.57,64.83,60.68,61.54
2022.06.09,0:00,61.52,61.87,58.76,59.66
2022.06.10,0:00,59.66,59.89,55.08,56.4
2022.06.11,0:00,56.39,57.32,51.21,51.58
2022.06.12,0:00,51.59,52.84,48.17,49.57
2022.06.13,0:00,49.57,49.86,40.57,43.62
2022.06.14,0:00,43.62,45.86,39.94,44.57
2022.06.15,0:00,44.56,48.94,41.16,48.15
2022.06.16,0:00,48.15,50.69,43.89,45.26
2022.06.17,0:00,45.27,47.3,43.59,46.68
2022.06.18,0:00,46.68,47.89,40.98,41.95
2022.06.19,0:00,41.95,55.83,41.89,54.62
2022.06.20,0:00,54.63,54.9,50.79,52.3
2022.06.21,0:00,52.3,55.2,51,52.83
2022.06.22,0:00,52.82,54.15,49.95,51.08
2022.06.23,0:00,51.07,55.68,51.07,55.23
2022.06.24,0:00,55.23,56.85,53.96,54.97
2022.06.25,0:00,54.96,58.86,54.35,58.39
2022.06.26,0:00,58.39,60,56.96,58.31
2022.06.27,0:00,58.32,58.34,54.39,55.46
2022.06.28,0:00,55.46,56.48,52.4,52.81
2022.06.29,0:00,52.8,53.89,50.9,53.09
2022.06.30,0:00,53.09,53.66,49.7,50.53
2022.07.01,0:00,50.53,55.73,49.62,51.12
2022.07.02,0:00,51.13,51.26,49.36,50.02
2022.07.03,0:00,50.03,50.84,48.63,50.61
2022.07.04,0:00,50.62,51.66,49.24,50.96
2022.07.05,0:00,50.96,51.97,47.45,50.2
2022.07.06,0:00,50.2,50.66,48.48,49.85
2022.07.07,0:00,49.84,51.65,49.29,51.35
2022.07.08,0:00,51.34,53.51,50.3,51.58
2022.07.09,0:00,51.56,53.3,50.68,52.9
2022.07.10,0:00,52.9,54.51,50.29,51.13
2022.07.11,0:00,51.13,52.65,49.6,50.01
2022.07.12,0:00,50.01,50.08,46.88,47.27
2022.07.13,0:00,47.27,48.98,45.98,47.89
2022.07.14,0:00,47.89,51.21,47.47,50.63
2022.07.15,0:00,50.62,52.3,50.17,51.67
2022.07.16,0:00,51.67,54.34,50.7,53.87
2022.07.17,0:00,53.84,55.87,53.81,55.36
2022.07.18,0:00,55.36,58.8,54.8,56.06
2022.07.19,0:00,56.07,59.16,55.46,57.89
2022.07.20,0:00,57.9,61.3,55.91,56.63
2022.07.21,0:00,56.64,58.18,54.73,57.69
2022.07.22,0:00,57.69,58.75,55.09,55.35
2022.07.23,0:00,55.35,56.76,54.04,55.42
2022.07.24,0:00,55.42,59.26,55.2,58.9
2022.07.25,0:00,58.9,59.34,54.42,55.91
2022.07.26,0:00,55.91,55.96,51.57,52.29
2022.07.27,0:00,52.3,58.46,52.12,57.96
2022.07.28,0:00,57.96,63.81,57.64,62.96
2022.07.29,0:00,62.96,64.09,59.35,61.14
2022.07.30,0:00,61.13,63.56,60,61.33
2022.07.31,0:00,61.33,62.54,59.54,61.73
2022.08.01,0:00,61.74,62.13,57.87,58.53
2022.08.02,0:00,58.55,59.39,56.22,58.24
2022.08.03,0:00,58.25,59.69,56.3,59.03
2022.08.04,0:00,59.03,60.11,56.93,58.79
2022.08.05,0:00,58.79,61.87,58.43,60.89
2022.08.06,0:00,60.89,62.11,60.1,61.09
2022.08.07,0:00,61.09,61.47,59.48,61.44
2022.08.08,0:00,61.45,63.65,60.41,63.07
2022.08.09,0:00,63.06,63.06,57.85,58.79
2022.08.10,0:00,58.79,61.85,57.14,61.15
2022.08.11,0:00,61.13,63.05,60.89,62.2
2022.08.12,0:00,62.2,62.29,60.28,62.13
2022.08.13,0:00,62.13,65.24,61.45,63.36
2022.08.14,0:00,63.36,65.36,62.2,62.95
2022.08.15,0:00,62.95,64.87,59.85,60.44
2022.08.16,0:00,60.45,61.26,59.21,61.03
2022.08.17,0:00,61.03,64.26,59.29,60.49
2022.08.18,0:00,60.36,61.24,59.57,60.73
2022.08.19,0:00,60.73,61.06,53.66,54.86
2022.08.20,0:00,54.87,55.11,52.27,52.38
2022.08.21,0:00,52.37,55.49,52.27,54.94
2022.08.22,0:00,54.93,56.92,51.86,56.13
2022.08.23,0:00,56.13,57.28,53.53,56.61
2022.08.24,0:00,56.61,57.22,55.18,56.88
2022.08.25,0:00,56.85,57.08,55.48,56.72
2022.08.26,0:00,56.72,57.81,52.68,53.59
2022.08.27,0:00,53.58,53.85,51.25,52.46
2022.08.28,0:00,52.47,55.57,52.12,54.64
2022.08.29,0:00,54.64,56.25,52.1,54.93
2022.08.30,0:00,54.94,55.79,51.44,53.24
2022.08.31,0:00,53.21,54.8,52.38,54.28
2022.09.01,0:00,54.29,57,52.78,56.94
2022.09.02,0:00,56.92,61.95,56.12,61.14
2022.09.03,0:00,61.15,61.86,59.77,60.76
2022.09.04,0:00,60.75,60.84,58.19,59.72
2022.09.05,0:00,59.72,61.12,58.6,59.81
2022.09.06,0:00,59.8,62.25,53.72,54.55
2022.09.07,0:00,54.55,56.85,52.47,56.55
2022.09.08,0:00,56.55,58.14,55.65,57.88
2022.09.09,0:00,57.87,61.47,57.3,60.47
2022.09.10,0:00,60.47,64.23,59.97,63.19
2022.09.11,0:00,63.2,63.96,61.43,62.36
2022.09.12,0:00,62.35,62.79,59.69,60.97
2022.09.13,0:00,60.95,66.92,58.57,58.9
2022.09.14,0:00,58.9,60.71,57.84,59.12
2022.09.15,0:00,59.13,60.33,55.9,56.65
2022.09.16,0:00,56.64,56.64,54.18,55.5
2022.09.17,0:00,55.49,57.95,55.02,57.82
2022.09.18,0:00,57.82,57.84,55.18,55.81
2022.09.19,0:00,55.79,55.82,49.72,51.81
2022.09.20,0:00,51.81,53.37,50.49,51.9
2022.09.21,0:00,51.85,55.03,50.54,52.53
2022.09.22,0:00,52.51,53.62,49.84,52.75
2022.09.23,0:00,52.75,54.26,50.99,53.67
2022.09.24,0:00,53.67,55.09,53.53,54.63
2022.09.25,0:00,54.63,54.71,52.56,53.08
2022.09.26,0:00,53.06,53.22,51.51,52.63
2022.09.27,0:00,52.64,55.09,51.36,52.08
2022.09.28,0:00,52.06,53.35,50.57,53.05
2022.09.29,0:00,53.04,53.62,51.86,53.4
2022.09.30,0:00,53.4,54.67,52.58,52.99
2022.10.01,0:00,52.97,53.34,52.03,52.26
2022.10.02,0:00,52.26,52.98,51.64,52.18
2022.10.03,0:00,52.18,53.54,51.07,53.45
2022.10.04,0:00,53.45,55.27,53.15,55.05
2022.10.05,0:00,55.05,55.16,52.88,53.79
2022.10.06,0:00,53.77,54.63,53.23,53.43
2022.10.07,0:00,53.43,53.43,51.89,52.49
2022.10.08,0:00,52.48,52.99,52.3,52.52
2022.10.09,0:00,52.5,53.35,52.03,53.2
2022.10.10,0:00,53.2,53.99,52.22,52.79
2022.10.11,0:00,52.79,52.87,50.86,51.52
2022.10.12,0:00,51.5,52.49,51.15,51.76
2022.10.13,0:00,51.76,52.05,47.92,51.03
2022.10.14,0:00,51.03,52.15,50.45,50.91
2022.10.15,0:00,50.91,51.22,50.15,50.37
2022.10.16,0:00,50.37,51.32,49.83,50.99
2022.10.17,0:00,50.99,51.71,50.4,51.24
2022.10.18,0:00,51.24,51.77,50.3,51.3
2022.10.19,0:00,51.31,51.56,50.63,51.11
2022.10.20,0:00,51.12,51.64,50.15,50.62
2022.10.21,0:00,50.63,51.38,49.15,51.14
2022.10.22,0:00,51.15,52.04,50.94,52.04
2022.10.23,0:00,52.04,52.98,51.43,52.69
2022.10.24,0:00,52.69,53.78,51.69,52.21
2022.10.25,0:00,52.2,56.38,51.86,55.6
2022.10.26,0:00,55.61,57.16,55.1,55.64
2022.10.27,0:00,55.63,56.26,54.11,54.58
2022.10.28,0:00,54.59,55.1,53.09,54.72
2022.10.29,0:00,54.72,57.14,54.28,56.4
2022.10.30,0:00,56.4,56.84,54.72,55.26
2022.10.31,0:00,55.26,55.93,53.63,54.35
2022.11.01,0:00,54.35,55.44,54.04,54.52
2022.11.02,0:00,54.52,62.34,54.23,59.82
2022.11.03,0:00,59.8,64.22,58.57,62.03
2022.11.04,0:00,61.97,69.92,61.14,67.45
2022.11.05,0:00,67.45,71.38,66.71,69.96
2022.11.06,0:00,69.96,70.36,67.77,68.91
2022.11.07,0:00,68.91,72.7,67.09,68.28
2022.11.08,0:00,68.29,68.35,53.57,56.68
2022.11.09,0:00,56.67,59.29,47.09,48.65
2022.11.10,0:00,48.65,60.37,48.24,59.05
2022.11.11,0:00,58.99,63.54,57.99,59.71
2022.11.12,0:00,59.71,61.13,57.62,59.91
2022.11.13,0:00,59.9,59.96,55.81,56.4
2022.11.14,0:00,56.4,58.7,52.96,54.84
2022.11.15,0:00,54.85,59.02,54.8,57.36
2022.11.16,0:00,57.36,59.63,56.22,56.62
2022.11.17,0:00,56.63,62.77,56.36,61.73
2022.11.18,0:00,61.73,63.35,61.07,62.36
2022.11.19,0:00,62.36,63.31,60.83,63.04
2022.11.20,0:00,63.04,64.28,60.23,60.38
2022.11.21,0:00,60.39,62.92,58.74,59.82
2022.11.22,0:00,59.77,70.52,59.7,68.57
2022.11.23,0:00,68.57,81.85,68.57,77.71
2022.11.24,0:00,77.71,79.26,74.67,77.27
2022.11.25,0:00,77.25,79.31,73.27,74.12
2022.11.26,0:00,74.11,79.11,72.67,76.3
2022.11.27,0:00,76.31,78.68,73.85,75.37
2022.11.28,0:00,75.37,75.76,70.11,72.74
2022.11.29,0:00,72.74,77.35,72.27,76.31
2022.11.30,0:00,76.3,80.12,75.16,78.06
2022.12.01,0:00,78.07,80.13,75.78,77.4
2022.12.02,0:00,77.4,77.96,75,76.85
2022.12.03,0:00,76.85,77.63,75.27,75.68
2022.12.04,0:00,75.68,76.84,75.11,76.23
2022.12.05,0:00,76.23,84.45,76.17,79.59
2022.12.06,0:00,79.58,81.25,77.25,78.29
2022.12.07,0:00,78.28,79.9,75.12,76.43
2022.12.08,0:00,76.42,77.34,74.12,77.11
2022.12.09,0:00,77.11,78.3,75.45,75.76
2022.12.10,0:00,75.75,76.94,75.55,75.91
2022.12.11,0:00,75.9,77.95,75.71,76.92
2022.12.12,0:00,76.91,77.09,73.16,75.9
2022.12.13,0:00,75.9,79.36,73.92,77.24
2022.12.14,0:00,77.15,78.6,73.9,75.07
2022.12.15,0:00,75.07,75.18,71.67,72.21
2022.12.16,0:00,72.21,73.1,66.33,67.28
2022.12.17,0:00,67.26,67.46,62.22,63.43
2022.12.18,0:00,63.42,65.48,62.68,63.88
2022.12.19,0:00,63.88,64.75,61.22,62.61
2022.12.20,0:00,62.6,65.71,60.58,64.99
2022.12.21,0:00,64.99,66.31,64.19,65.16
2022.12.22,0:00,65.15,66.2,63.89,65.21
2022.12.23,0:00,65.15,66.2,64.67,65.08
2022.12.26,0:00,69.78,69.78,69.4,69.48
2022.12.27,0:00,69.49,70.64,67.34,67.63
2022.12.28,0:00,67.63,68.94,65.6,65.96
2022.12.29,0:00,65.96,66.74,65.09,65.63
2022.12.30,0:00,65.61,67.69,65.6,67.45
2023.01.02,0:00,69.93,77.19,69.82,74.95
2023.01.03,0:00,74.95,75.99,73.05,74.88
2023.01.04,0:00,74.88,77.54,73.83,74.45
2023.01.05,0:00,74.44,75.78,73.2,74.1
2023.01.06,0:00,74.06,75.66,71.91,75.16
2023.01.07,0:00,75.16,76.2,75.16,76
2023.01.08,0:00,75.98,76.78,74.7,76.03
2023.01.09,0:00,76.04,83.18,75.92,80.69
2023.01.10,0:00,80.69,82.39,79.02,81.05
2023.01.11,0:00,81.05,83.43,79.5,81.97
2023.01.12,0:00,81.97,86.57,80.89,84.75
2023.01.13,0:00,84.74,86.39,83.2,86.16
2023.01.14,0:00,86.18,90.63,84.74,87.42
2023.01.15,0:00,87.43,88.26,84.78,87.44
2023.01.16,0:00,87.44,88.71,83.41,85.9
2023.01.17,0:00,85.9,88.89,84.16,86.65
2023.01.18,0:00,86.61,87.93,81.49,83.12
2023.01.19,0:00,83.12,84.06,81.33,83.47
2023.01.20,0:00,83.46,88.9,82.62,88.41
2023.01.21,0:00,88.41,90.78,88.11,89.81
2023.01.22,0:00,89.77,89.8,86.14,87.06
2023.01.23,0:00,87.05,92.63,86.56,90.13
2023.01.24,0:00,90.14,90.97,87.05,87.66
2023.01.25,0:00,87.65,90.82,85.08,90.77
2023.01.26,0:00,90.78,91.48,86.52,86.91
2023.01.27,0:00,86.89,88.53,85.5,88.08
2023.01.28,0:00,88.08,89.46,86.8,88.25
2023.01.29,0:00,88.25,97.28,87.99,96.39
2023.01.30,0:00,96.39,96.55,87.94,89.99
2023.01.31,0:00,89.99,95.71,89.19,92.8
2023.02.01,0:00,92.81,98.72,92.35,97.49
2023.02.02,0:00,97.5,101.87,97.5,97.71
2023.02.03,0:00,97.71,100.27,97.09,98.99
2023.02.04,0:00,99,100.81,98.13,98.71
2023.02.05,0:00,98.69,98.85,94.36,95.13
2023.02.06,0:00,95.13,97.49,94.48,96.85
2023.02.07,0:00,96.74,100.33,94.85,99.77
2023.02.08,0:00,99.77,101.85,96.41,98.38
2023.02.09,0:00,98.37,98.99,89.64,91.05
2023.02.10,0:00,91.02,93.69,89.77,92.68
2023.02.11,0:00,92.67,94.29,92.34,94.13
2023.02.12,0:00,94.12,94.35,91.71,91.73
2023.02.13,0:00,91.72,94.46,87.83,88.9
2023.02.14,0:00,88.84,95.51,88.69,94.88
2023.02.15,0:00,94.87,101.94,94.41,101.14
2023.02.16,0:00,101.14,105.14,100.07,101.22
2023.02.17,0:00,101.22,101.43,97.89,100.08
2023.02.18,0:00,100.08,101.42,98.23,99.15
2023.02.19,0:00,99.15,101,96.33,98
2023.02.20,0:00,97.92,98.19,94.12,95.41
2023.02.21,0:00,95.41,96.37,91.25,91.99
2023.02.22,0:00,91.99,95.11,91.25,93.36
2023.02.23,0:00,93.35,95.82,93.02,93.73
2023.02.24,0:00,93.67,94.81,89.61,90.63
2023.02.25,0:00,90.62,92.16,89.97,91.55
2023.02.26,0:00,91.54,95.09,91.52,94.65
2023.02.27,0:00,94.64,95.56,92.07,93.09
2023.02.28,0:00,93.1,95.55,92.65,93.1
2023.03.01,0:00,93.1,97.83,92.92,97.09
2023.03.02,0:00,97.09,97.83,93.48,94.62
2023.03.03,0:00,94.62,95.06,85.25,89.19
2023.03.04,0:00,89.15,90.35,87.27,87.63
2023.03.05,0:00,87.63,91.3,87.11,89.79
2023.03.06,0:00,89.8,90.19,86.17,87.24
2023.03.07,0:00,87.23,88.43,83.57,85.06
2023.03.08,0:00,85.06,86.21,82.23,82.86
2023.03.09,0:00,82.85,84.47,74.48,74.84
2023.03.10,0:00,74.84,76.34,67.56,71.07
2023.03.11,0:00,71.07,74.09,65.19,68.57
2023.03.12,0:00,68.58,73.55,67.41,72.89
2023.03.13,0:00,72.89,83.2,72.27,81.43
2023.03.14,0:00,81.44,88.01,79.04,82.71
2023.03.15,0:00,82.72,85.37,74.75,76.12
2023.03.16,0:00,76.13,79.63,75.15,78.32
2023.03.17,0:00,78.31,84.55,77.96,83.26
2023.03.18,0:00,83.26,87.58,81.68,83.81
2023.03.19,0:00,83.82,86.12,81.85,83.94
2023.03.20,0:00,83.95,85.09,78.35,80.19
2023.03.21,0:00,80.19,83.13,76.45,81.86
2023.03.22,0:00,81.86,88.06,79.02,85.31
2023.03.23,0:00,85.31,94.23,85.31,92.14
2023.03.24,0:00,92.14,95.55,88.8,90.87
2023.03.25,0:00,90.87,93.94,89.69,90.79
2023.03.26,0:00,90.79,94.33,90.28,92.41
2023.03.27,0:00,92.4,94.01,87.17,88.39
2023.03.28,0:00,88.28,89.09,85.17,87.88
2023.03.29,0:00,87.88,92.53,87.69,91.66
2023.03.30,0:00,91.66,92.84,86.2,88.98
2023.03.31,0:00,88.98,89.81,86.83,89.17
2023.04.01,0:00,89.14,93.79,88.94,91.77
2023.04.02,0:00,91.77,94.06,89.96,91.03
2023.04.03,0:00,91.02,95.41,90.04,91.11
2023.04.04,0:00,91.1,93.58,89.32,92.73
2023.04.05,0:00,92.73,94.56,90.57,91.96
2023.04.06,0:00,91.96,92.27,89.35,90.22
2023.04.07,0:00,90.23,91.07,88.71,89.61
2023.04.08,0:00,89.6,91.05,88.86,89.49
2023.04.09,0:00,89.5,90.5,88.8,89.71
2023.04.10,0:00,89.71,92.95,89.49,92.15
2023.04.11,0:00,92.15,96.56,92.15,94.29
2023.04.12,0:00,94.19,94.32,90.52,91.58
2023.04.13,0:00,91.57,94.19,91.27,93.76
2023.04.14,0:00,93.76,98.85,93.22,96.05
2023.04.15,0:00,96.01,96.54,94.46,95.82
2023.04.16,0:00,95.81,101.72,94.8,100.84
2023.04.17,0:00,100.84,101.28,96.92,98.01
2023.04.18,0:00,98.01,102.9,97.18,100.95
2023.04.19,0:00,100.93,101.52,91.88,92.86
2023.04.20,0:00,92.86,92.97,86.51,87.87
2023.04.21,0:00,87.83,90.57,84.02,84.2
2023.04.22,0:00,84.2,86.7,84.06,86.5
2023.04.23,0:00,86.5,86.69,83.85,85.74
2023.04.24,0:00,85.74,88.5,85.21,87.63
2023.04.25,0:00,87.63,91.26,86.83,90.87
2023.04.26,0:00,90.87,93.53,83.81,87.64
2023.04.27,0:00,87.62,90.19,86.52,89.4
2023.04.28,0:00,89.4,90.01,87.2,89.2
2023.04.29,0:00,89.2,91.21,89,90.32
2023.04.30,0:00,90.32,90.98,87.34,88.1
2023.05.01,0:00,88.1,88.49,84.67,85.67
2023.05.02,0:00,85.67,88.69,85.56,87.69
2023.05.03,0:00,87.69,88.2,85,86.67
2023.05.04,0:00,86.67,89.43,86.67,87.61
2023.05.05,0:00,87.61,89.28,85.82,88.15
2023.05.06,0:00,88.16,88.99,80.76,83.38
2023.05.07,0:00,83.36,84.25,82.68,83.83
2023.05.08,0:00,83.83,84.87,74.83,76.53
2023.05.09,0:00,76.53,79.52,76.39,79.14
2023.05.10,0:00,79.14,81.58,76.73,81.33
2023.05.11,0:00,81.33,81.53,78.02,79.56
2023.05.12,0:00,79.56,81.03,76.25,79.16
2023.05.13,0:00,79.16,80.64,79.16,80.26
2023.05.14,0:00,80.26,83.59,79.42,82.22
2023.05.15,0:00,82.18,88.07,81.73,87.25
2023.05.16,0:00,87.26,90.05,85.78,89.06
2023.05.17,0:00,89.04,94.51,88.76,94.01
2023.05.18,0:00,94.02,94.11,88.8,90.12
2023.05.19,0:00,90.12,92.84,89.66,91.03
2023.05.20,0:00,91.01,92.37,90.04,91.57
2023.05.21,0:00,91.56,93.06,90.75,91.27
2023.05.22,0:00,91.27,92.3,89.42,90.52
2023.05.23,0:00,90.52,92.66,89.94,90.43
2023.05.24,0:00,90.42,91.42,84.05,85.24
2023.05.25,0:00,85.24,85.81,82.12,84.91
2023.05.26,0:00,84.91,87.76,84.83,87.36
2023.05.27,0:00,87.36,88.31,86.51,88.24
2023.05.28,0:00,88.25,90.09,87.95,90
2023.05.29,0:00,90.01,91.89,89.75,90.97
2023.05.30,0:00,90.95,92.86,90.13,91.5
2023.05.31,0:00,91.51,92.25,87.24,89.2
2023.06.01,0:00,89.21,95.43,88.69,94.26
2023.06.02,0:00,94.26,95.17,92.23,94.62
2023.06.03,0:00,94.6,96.85,93.81,95.35
2023.06.04,0:00,95.35,96.04,94.19,95.45
2023.06.05,0:00,95.44,95.69,82.99,87.17
2023.06.06,0:00,87.16,90.98,85.17,89.73
2023.06.07,0:00,89.73,90.96,87.04,88.45
2023.06.08,0:00,88.45,89.1,86.79,88.12
2023.06.09,0:00,88.11,89.5,86.15,88.8
2023.06.10,0:00,88.8,89.04,73.78,76.56
2023.06.11,0:00,76.56,78.49,75.82,77.9
2023.06.12,0:00,77.9,78.04,74.58,76.61
2023.06.13,0:00,76.61,79.29,75.86,76.96
2023.06.14,0:00,76.96,77.67,70.86,71.43
2023.06.15,0:00,71.43,74.29,71.21,74.23
2023.06.16,0:00,74.19,76.32,73.61,76.08
2023.06.17,0:00,76.08,77.29,75.24,76.72
2023.06.18,0:00,76.72,78.01,76.02,76.99
2023.06.19,0:00,76.99,77.28,75.68,76.88
2023.06.20,0:00,76.88,80.44,75.13,79.92
2023.06.21,0:00,79.93,86.94,79.08,84.57
2023.06.22,0:00,84.55,88.35,84,85.61
2023.06.23,0:00,85.6,92.57,84.66,91.38
2023.06.24,0:00,91.38,93.23,85.96,88.34
2023.06.25,0:00,88.33,89.96,86.15,86.7
2023.06.26,0:00,86.7,89.85,85.15,86.48
2023.06.27,0:00,86.48,88.94,85.55,87.76
2023.06.28,0:00,87.75,87.88,81.27,82.46
2023.06.29,0:00,82.46,85.3,82.14,83.92
2023.06.30,0:00,83.92,111.07,83.92,106.85
2023.07.01,0:00,106.86,109.48,103.58,105.25
2023.07.02,0:00,105.24,113.31,104.23,111.61
2023.07.03,0:00,111.61,114.41,105.13,106.12
2023.07.04,0:00,106.11,109.02,103.01,105.96
2023.07.05,0:00,105.96,106.2,98.11,101.19
2023.07.06,0:00,101.2,105.41,95.62,97.72
2023.07.07,0:00,97.72,97.89,93.83,96.8
2023.07.08,0:00,96.81,98.14,96.18,97.03
2023.07.09,0:00,97.02,97.92,94.98,95.9
2023.07.10,0:00,95.9,97.4,91.44,96.61
2023.07.11,0:00,96.61,97.83,95.14,95.48
2023.07.12,0:00,95.48,97.38,93.74,95.29
2023.07.13,0:00,95.28,103.93,95.05,100.98
2023.07.14,0:00,100.98,103.27,91.68,93.45
2023.07.15,0:00,93.45,95.32,93.36,94.14
2023.07.16,0:00,94.12,94.88,92.67,93.48
2023.07.17,0:00,93.48,94.01,88.9,90.91
2023.07.18,0:00,90.91,92.46,88.94,90.35
2023.07.19,0:00,90.34,93.71,90.17,91.98
2023.07.20,0:00,91.98,94.51,91.01,91.43
2023.07.21,0:00,91.42,94.26,91.22,93.43
2023.07.22,0:00,93.43,95.97,92.64,93.03
2023.07.23,0:00,92.95,93.06,90.79,92.86
2023.07.24,0:00,92.86,92.97,87.02,88.17
2023.07.25,0:00,88.17,89.66,88.15,88.69
2023.07.26,0:00,88.69,90.18,88.12,90.08
2023.07.27,0:00,90.02,91.45,89.16,89.53
2023.07.28,0:00,89.53,91.5,89.51,90.94
2023.07.29,0:00,90.92,92.01,90.49,91.63
2023.07.30,0:00,91.63,95.59,90.65,93.15
2023.07.31,0:00,93.15,94.59,91.32,91.54
