Date,Time,Open,High,Low,Close,Volume
2011.03.20,0:00,0.8,0.9,0.8,0.8,30584
2011.03.27,0:00,0.8,0.8,0.7,0.7,36483
2011.04.03,0:00,0.8,0.8,0.6,0.7,96094
2011.04.10,0:00,0.7,1.1,0.7,1,240968
2011.04.17,0:00,1.1,2,1.1,1.8,228249
2011.04.24,0:00,1.7,4.2,1.5,3.5,339594
2011.05.01,0:00,3.5,3.9,2.5,3.6,129859
2011.05.08,0:00,3.6,8.9,3.6,7.2,289715
2011.05.15,0:00,7,8.5,5.6,6.1,228768
2011.05.22,0:00,6.1,9.3,6,8.3,191419
2011.05.29,0:00,8.3,18.9,8.1,18.9,289733
2011.06.05,0:00,18.9,31.9,13,14.7,641936
2011.06.12,0:00,14.7,25,10.3,16.9,360824
2011.06.19,0:00,16.9,18.9,16.9,17.6,15053
2011.06.26,0:00,17.5,18,14,15.4,181383
2011.07.03,0:00,15.4,16.5,11,14.4,394686
2011.07.10,0:00,14.4,15.7,13.5,13.7,179973
2011.07.17,0:00,13.7,14.7,12.5,13.7,255909
2011.07.24,0:00,13.7,14.7,13.3,13.5,151700
2011.07.31,0:00,13.5,14.9,5.7,6.5,442377
2011.08.07,0:00,6.5,12.1,6,10.1,346358
2011.08.14,0:00,10.1,11.9,9.6,11.4,136944
2011.08.21,0:00,11.5,11.6,7.7,8.6,242233
2011.08.28,0:00,8.6,9.5,8,8.5,108406
2011.09.04,0:00,8.5,8.5,4.2,4.8,600531
2011.09.11,0:00,4.8,7.4,4.5,4.8,314188
2011.09.18,0:00,4.8,6.8,4.8,5.5,349499
2011.09.25,0:00,5.5,5.5,4.7,5.1,200810
2011.10.02,0:00,5,5.1,3.7,4,280519
2011.10.09,0:00,4,4.4,3.7,3.8,245413
2011.10.16,0:00,3.8,3.9,2,3.1,676186
2011.10.23,0:00,3.2,3.9,2.5,3.6,464333
2011.10.30,0:00,3.6,3.7,2.9,3,235413
2011.11.06,0:00,3,3.2,2.8,3.1,245311
2011.11.13,0:00,3,3,2,2.2,876257
2011.11.20,0:00,2.2,2.6,2.1,2.5,306446
2011.11.27,0:00,2.5,3.2,2.4,2.8,681539
2011.12.04,0:00,2.8,3.1,2.6,3.1,401451
2011.12.11,0:00,3.1,3.4,3,3.2,232268
2011.12.18,0:00,3.2,4.5,3.2,4,548623
2011.12.25,0:00,3.9,5,3.7,4.7,485197
2012.01.01,0:00,4.7,7.2,4.6,6.8,831475
2012.01.08,0:00,6.8,7.2,5.8,6.7,762531
2012.01.15,0:00,6.8,7.2,4.7,6.2,854012
2012.01.22,0:00,6.2,6.5,5.1,5.6,562130
2012.01.29,0:00,5.6,6.2,5.3,5.9,460902
2012.02.05,0:00,5.9,6,5.3,5.6,681823
2012.02.12,0:00,5.6,5.9,3.9,4.2,1064879
2012.02.19,0:00,4.2,5.2,4.2,4.8,603239
2012.02.26,0:00,4.8,5.1,4.5,4.6,392427
2012.03.04,0:00,4.6,5.1,4.6,4.8,317834
2012.03.11,0:00,4.8,5.4,4.8,5.2,347994
2012.03.18,0:00,5.2,5.3,4.5,4.7,524471
2012.03.25,0:00,4.7,5,4.3,4.9,329792
2012.04.01,0:00,4.9,5.1,4.7,4.7,425104
2012.04.08,0:00,4.7,5,4.6,5,396072
2012.04.15,0:00,5,5.5,4.9,5.3,389691
2012.04.22,0:00,5.3,5.4,4.9,5,353026
2012.04.29,0:00,5,5.2,4.9,5.1,305582
2012.05.06,0:00,5.1,5.2,4.8,5,321319
2012.05.13,0:00,5,5.2,4.9,5.2,287388
2012.05.20,0:00,5.1,5.2,5,5.1,217579
2012.05.27,0:00,5.1,5.3,5,5.3,240765
2012.06.03,0:00,5.3,5.8,5.2,5.6,339257
2012.06.10,0:00,5.6,6.6,5.5,6.4,404140
2012.06.17,0:00,6.4,6.8,6,6.4,321066
2012.06.24,0:00,6.4,6.7,6.2,6.7,263621
2012.07.01,0:00,6.7,6.9,6.4,6.8,289049
2012.07.08,0:00,6.8,7.9,6.8,7.6,346645
2012.07.15,0:00,7.5,9.7,7.3,8.8,793030
2012.07.22,0:00,8.9,9.3,7.8,8.9,352511
2012.07.29,0:00,8.9,11.3,8.7,11,503082
2012.08.05,0:00,11,12,10.1,11.5,342204
2012.08.12,0:00,11.5,15.4,10.6,11.6,800139
2012.08.19,0:00,11.6,11.6,7.6,10.5,546733
2012.08.26,0:00,10.6,12.2,9.7,10,430711
2012.09.02,0:00,10,11.3,9.7,11.1,259424
2012.09.09,0:00,11,11.8,10.7,11.7,276254
2012.09.16,0:00,11.8,12.7,11.8,12.3,232732
2012.09.23,0:00,12.2,12.5,11.6,12.3,142854
2012.09.30,0:00,12.4,13.1,12.3,12.5,265984
2012.10.07,0:00,12.5,12.6,10.6,11.9,248534
2012.10.14,0:00,11.9,12.1,11.5,11.8,168366
2012.10.21,0:00,11.7,12,9.7,10.2,367665
2012.10.28,0:00,10.3,11.3,10.3,10.7,212583
2012.11.04,0:00,10.6,11.2,10.5,10.9,152568
2012.11.11,0:00,10.9,11.8,10.7,11.8,205270
2012.11.18,0:00,11.8,12.5,11.6,12.4,192489
2012.11.25,0:00,12.4,12.7,11.9,12.6,179480
2012.12.02,0:00,12.6,13.7,12.5,13.5,260870
2012.12.09,0:00,13.4,13.9,13,13.5,244100
2012.12.16,0:00,13.5,13.7,12.8,13.4,230381
2012.12.23,0:00,13.4,13.7,13,13.4,144672
2012.12.30,0:00,13.4,13.6,13.1,13.4,162850
2013.01.06,0:00,13.4,14.3,13.3,14.2,269837
2013.01.13,0:00,14.2,16,13.9,15.6,301341
2013.01.20,0:00,15.6,19.2,15.4,17.9,636457
2013.01.27,0:00,17.9,21.5,17.2,19.7,674520
2013.02.03,0:00,19.7,24,19.4,23.7,924126
2013.02.10,0:00,23.8,27.6,21.7,27.2,853973
2013.02.17,0:00,27.2,31.3,25,29.8,837113
2013.02.24,0:00,29.8,34.9,29.2,34.3,805827
2013.03.03,0:00,34.3,49.2,33.3,46.9,730763
2013.03.10,0:00,46.6,48.5,36.6,47,1168923
2013.03.17,0:00,47,74.9,46.8,64.4,959944
2013.03.24,0:00,64.4,95.8,62.7,92.2,1325426
2013.03.31,0:00,92.2,147,91,142.6,33978569
2013.04.07,0:00,142.6,266,54.2,93,31485115
2013.04.14,0:00,93,136.4,50,126.6,23040177
2013.04.21,0:00,126.6,166.4,110,128,52544320
2013.04.28,0:00,128,149.1,79,112.9,44691454
2013.05.05,0:00,112.9,124.9,97.5,115.6,58487371
2013.05.12,0:00,115.7,125.6,103.1,123.3,45029563
2013.05.19,0:00,123.2,133.9,113.5,130.7,35480620
2013.05.26,0:00,130.8,136.1,124,128.3,31751
2013.06.02,0:00,128.3,130,106.2,109.1,38904
2013.06.09,0:00,109.1,111.8,88,100,34918
2013.06.16,0:00,100,115,98.9,108.8,19221
2013.06.23,0:00,108.8,109.1,92.2,95.4,17368
2013.06.30,0:00,95.4,98.1,65.5,68.9,19765
2013.07.07,0:00,68.9,102.1,66.6,97.5,16610629
2013.07.14,0:00,98.3,101.9,86.2,89.8,47791607
2013.07.21,0:00,90,97.5,88,94.5,26808151
2013.07.28,0:00,94.2,111.7,94,105,39048007
2013.08.04,0:00,104.9,107.8,94.5,103,43025347
2013.08.11,0:00,103,108.9,94,97.1,15989496
2013.08.18,0:00,97.1,109,96.5,106.2,37098
2013.08.25,0:00,106.1,125.8,106,125.7,26221
2013.09.01,0:00,125.7,126.6,111.6,117,34480
2013.09.08,0:00,116.7,125,114.4,123.1,25234
2013.09.15,0:00,122.7,126,119.5,121,24945
2013.09.22,0:00,121,124.7,119.6,123.5,13177
2013.09.29,0:00,123.5,124.7,75.2,119,18283
2013.10.06,0:00,119,127.5,119,127,23303
2013.10.13,0:00,127,160,127,158.5,42212
2013.10.20,0:00,158.5,204,152.4,183.5,75086
2013.10.27,0:00,184,209.8,181.2,207.4,84190
2013.11.03,0:00,207.4,349.1,205.9,297.6,82307
2013.11.10,0:00,297.7,479.9,290,478.4,76832
2013.11.17,0:00,478.4,820,376.7,707.8,122354
2013.11.24,0:00,708.2,1090,677,849.2,102511
2013.12.01,0:00,848.2,1077.3,551,759,113729
2013.12.08,0:00,759,970.9,757.8,853.6,77928
2013.12.15,0:00,855,870,420,615,161562
2013.12.22,0:00,614,761,592,725.7,89898
2013.12.29,0:00,725.7,919.1,711,905.4,73843
2014.01.05,0:00,905.3,990,720.1,850,119081
2014.01.12,0:00,850,850,783,825.8,86422
2014.01.19,0:00,827.9,841.5,753.1,822.9,79778
2014.01.26,0:00,822.9,829.6,727.1,796.9,70392
2014.02.02,0:00,796.9,809.8,671,705.9,60653
2014.02.09,0:00,706,719.9,301,573,76466
2014.02.16,0:00,573,645.4,514.1,605,80692
2014.02.23,0:00,604.6,609.7,430.1,550.6,94319
2014.03.02,0:00,550.5,698,546,629,75782
2014.03.09,0:00,629,641.5,610,622,39246
2014.03.16,0:00,622,627.7,555.7,567.5,87750
2014.03.23,0:00,566.6,590.1,450,456.3,90656
2014.03.30,0:00,456.3,500,410,459,113987
2014.04.06,0:00,459,464,342.8,400.9,109019
2014.04.13,0:00,400.8,545,396.5,485.3,92013
2014.04.20,0:00,485.3,504,427,431.9,56577
2014.04.27,0:00,432.1,453.5,412.9,426.4,67322
2014.05.04,0:00,426.3,446,411.4,430,49325
2014.05.11,0:00,430,441.9,428,439.8,31934
2014.05.18,0:00,439.8,570,435.3,565.4,61518
2014.05.25,0:00,565.2,667.5,541.1,641,67819
2014.06.01,0:00,641,667,602,643,60801
2014.06.08,0:00,643,648.9,546.3,572,56119
2014.06.15,0:00,572,610,568.9,591.3,44906
2014.06.22,0:00,591.3,604.8,556,590.2,38062
2014.06.29,0:00,590,654.1,588.1,630.3,56698
2014.07.06,0:00,631.2,633,603.7,621.1,39589
2014.07.13,0:00,621.1,623.5,606.1,612.5,25869
2014.07.20,0:00,612.5,616.4,578.6,585.7,33136
2014.07.27,0:00,585.8,598,555,581,43666
2014.08.03,0:00,580,595,572.4,584,31141
2014.08.10,0:00,584,587.7,480,480.1,70489
2014.08.17,0:00,480.2,529,334,504.3,87858
2014.08.24,0:00,504.3,517.9,472.2,476.9,50419
2014.08.31,0:00,476.9,493.6,465.6,476,35551
2014.09.07,0:00,476,483,459.7,469.6,37472
2014.09.14,0:00,469.6,470,371.1,380.7,74973
2014.09.21,0:00,380.7,446.1,370.3,373.8,53690
2014.09.28,0:00,374,388.9,285,304.6,61833
2014.10.05,0:00,304.8,381.8,295.5,366.8,74202
2014.10.12,0:00,367.1,408.2,362.1,383.1,55730
2014.10.19,0:00,383.1,385.8,337.8,350.5,45401
2014.10.26,0:00,350.5,355.9,319.1,324.4,45939
2014.11.02,0:00,324.5,358.7,319.2,356.2,42974
2014.11.09,0:00,356.1,454,354.4,380.5,79158
2014.11.16,0:00,380.6,406,339.7,366.2,57426
2014.11.23,0:00,365.8,389,354,373.3,49117
2014.11.30,0:00,374,382.3,360.4,368.3,32300
2014.12.07,0:00,368.7,369,332.5,344.3,40165
2014.12.14,0:00,344.4,345,304.1,316.8,57556
2014.12.21,0:00,315.9,334.4,307,311.7,40678
2014.12.28,0:00,311.8,318.1,260,266.2,50039
2015.01.04,0:00,266.2,301,260.1,263.1,62438
2015.01.11,0:00,263.1,269.5,162.6,204,129505
2015.01.18,0:00,204,253.9,203.6,247,73965
2015.01.25,0:00,247,303.3,208,225.3,98659
2015.02.01,0:00,225.1,240.4,212.1,220.6,64025
2015.02.08,0:00,220.5,265.1,213.2,229.4,54773
2015.02.15,0:00,229,243,224.4,229.2,50421
2015.02.22,0:00,229.1,254.1,225,252.1,43147
2015.03.01,0:00,252.2,283,247.9,271.7,59647
2015.03.08,0:00,271.7,299,270.3,280.8,50457
2015.03.15,0:00,280.7,290.9,243,266,51502
2015.03.22,0:00,266.1,269.7,235.4,238.5,62739
2015.03.29,0:00,237.8,255.3,234.1,254,43954
2015.04.05,0:00,254,258.5,228,232.5,44355
2015.04.12,0:00,232.5,234.3,214,220.5,41153
2015.04.19,0:00,220.7,236.6,210.9,217.4,39591
2015.04.26,0:00,217.4,244,215,241.4,52651
2015.05.03,0:00,241.1,247.1,230.1,240,33891
2015.05.10,0:00,239.9,243.8,233.4,235.5,32019
2015.05.17,0:00,235.5,243.6,231.8,242.1,28827
2015.05.24,0:00,242.1,243,231.8,232.1,28375
2015.05.31,0:00,232.1,232.6,222.3,225.9,29417
2015.06.07,0:00,225.9,236,224.9,234.5,25065
2015.06.14,0:00,234.4,256.7,233.6,242.5,57287
2015.06.21,0:00,242.5,250,240.1,246,37057
2015.06.28,0:00,246,270,245.8,266,55012
2015.07.05,0:00,266,310,260.1,304.3,90015
2015.07.12,0:00,304.3,308.4,194.9,268.6,69717
2015.07.19,0:00,268.7,288.7,264.6,286.4,40412
2015.07.26,0:00,286.4,290,275.5,279.2,38920
2015.08.02,0:00,279.3,282.7,252,257.8,42486
2015.08.09,0:00,257.8,269.3,252.6,255.8,43904
2015.08.16,0:00,255.8,258,211.1,221.7,58070
2015.08.23,0:00,221.7,231,192.6,224.2,78646
2015.08.30,0:00,224.1,238,220.7,236,61630
2015.09.06,0:00,236,245.8,226,227.2,52666
2015.09.13,0:00,227.3,234.7,224.8,230.2,39470
2015.09.20,0:00,230.1,236,224,231.3,43795
2015.09.27,0:00,231.3,237.7,230.8,236.1,43960
2015.10.04,0:00,236.1,245,234.9,243.5,54532
2015.10.11,0:00,243.5,273,240.3,258.5,92057
2015.10.18,0:00,258.5,288.9,256.9,280.1,52779
2015.10.25,0:00,280.1,321.2,274.3,308.9,88164
2015.11.01,0:00,308.9,459.2,304.4,360.1,125912
2015.11.08,0:00,360.1,375.9,296,316.3,78970
2015.11.15,0:00,315.2,334,309,320.8,75479
2015.11.22,0:00,320.8,366.5,314.9,363.9,94846
2015.11.29,0:00,364.7,392.3,345,388,103143
2015.12.06,0:00,388,452.7,379.2,432.2,111422
2015.12.13,0:00,432.7,460.5,424,436.2,103350
2015.12.20,0:00,436.2,456.4,401.2,422,101321
2015.12.27,0:00,421.8,434.5,416.4,424.9,105328
2016.01.03,0:00,424.9,455,424.2,443.4,76910
2016.01.10,0:00,443.4,448,349.8,387.7,109869
2016.01.17,0:00,387.7,425.5,374.7,400.6,118588
2016.01.24,0:00,400.6,402.9,366.5,380.7,107851
2016.01.31,0:00,380.6,392.5,365.2,378,107872
2016.02.07,0:00,378,405,374.1,402.1,97062
2016.02.14,0:00,402.8,444.9,397.3,435.6,112486
2016.02.21,0:00,435.6,438.8,413.4,431.6,106916
2016.02.28,0:00,431.6,437.8,394,410.6,113422
2016.03.06,0:00,410.6,422,404.8,414.3,79195
2016.03.13,0:00,414.2,418,404.5,412,107613
2016.03.20,0:00,412.1,426.3,409.5,422.2,103653
2016.03.27,0:00,422.1,423.5,408.3,415.6,109088
2016.04.03,0:00,415.7,421,412,417,114303
2016.04.10,0:00,417,429,414.7,422.7,109065
2016.04.17,0:00,422.7,449.5,419.9,447.3,106860
2016.04.24,0:00,447.3,462.2,435.9,449,132008
2016.05.01,0:00,449,455,439.9,452,126164
2016.05.08,0:00,452,458.2,446.3,456,112786
2016.05.15,0:00,456,459.1,434.9,438.9,107077
2016.05.22,0:00,438.9,544.6,437.9,520.6,122629
2016.05.29,0:00,520.6,578,503.3,563.9,120382
2016.06.05,0:00,562.5,637.3,553.2,632,108839
2016.06.12,0:00,632,744.4,620,726.5,133955
2016.06.19,0:00,726.5,734.5,522.4,611,149101
2016.06.26,0:00,611.1,687.9,600.4,649.1,132509
2016.07.03,0:00,649,665.7,589.6,630.5,142090
2016.07.10,0:00,630.5,669,630.1,665.2,117346
2016.07.17,0:00,665.1,668.5,640.2,653.2,86262
2016.07.24,0:00,653.2,655.3,624.2,627.3,122829
2016.07.31,0:00,627.3,628.2,471.1,588.4,123662
2016.08.07,0:00,588.4,595.4,556.7,564.7,114466
2016.08.14,0:00,564.6,582.1,558.6,577.9,142885
2016.08.21,0:00,578,596.3,567.1,571.3,112890
2016.08.28,0:00,571.4,613.1,570.1,603.4,102606
2016.09.04,0:00,603.4,627.1,592.5,597.4,29266
2016.09.11,0:00,597.4,613.4,596,608.8,75811
2016.09.18,0:00,608.8,614,590,602.6,126531
2016.09.25,0:00,602.5,611.2,598.9,609.3,114856
2016.10.02,0:00,609.3,618,605,614.9,117654
2016.10.09,0:00,614.9,642,612,638.3,136694
2016.10.16,0:00,638.3,657,622.5,651.6,193686
2016.10.23,0:00,651.6,712,648,693,262903
2016.10.30,0:00,693,730,678,700,278504
2016.11.06,0:00,700,717.8,685.6,697.1,182034
2016.11.13,0:00,697.1,744.7,692.9,726,188762
2016.11.20,0:00,726,745,722.7,731.2,191290
2016.11.27,0:00,731.2,773,726.1,761.5,194835
2016.12.04,0:00,761.5,770,743,759.3,206130
2016.12.11,0:00,759.3,783,757.7,778.6,173503
2016.12.18,0:00,778.6,899.4,775.4,866.7,147398
2016.12.25,0:00,866.8,966.7,866,965,210545
2017.01.01,0:00,965,1095.8,778,868.6,206732
2017.01.08,0:00,868.6,884.8,752,809.7,208705
2017.01.15,0:00,809.8,925,805.7,907.5,149884
2017.01.22,0:00,907.4,915,875,906,145200
2017.01.29,0:00,906,1014.3,903,992,137168
2017.02.05,0:00,991.1,1050.2,914.8,984.5,157749
2017.02.12,0:00,984.5,1042.4,963,1033.2,149308
2017.02.19,0:00,1033.2,1185.6,1025.2,1139,132674
2017.02.26,0:00,1139,1270,1139,1248.5,169211
2017.03.05,0:00,1248.5,1268.3,1040.1,1206.4,297200
2017.03.12,0:00,1206.4,1240,956,1057.4,208428
2017.03.19,0:00,1057.4,1147,905,989.1,149452
2017.03.26,0:00,989,1099,963,1090,160918
2017.04.02,0:00,1090.1,1200,1086.6,1197.1,193115
2017.04.09,0:00,1197.1,1222,1156,1185.9,155047
2017.04.16,0:00,1185.9,1248.9,1175.7,1238.6,165088
2017.04.23,0:00,1238.6,1315,1226,1291.2,172194
2017.04.30,0:00,1291.2,1518.6,1287.5,1478,242333
2017.05.07,0:00,1477.8,1800,1475,1708.3,164793
2017.05.14,0:00,1709,2074.8,1600.5,1993,167234
2017.05.21,0:00,1990.1,2736.6,1737,1988,235665
2017.05.28,0:00,1988,2504,1988,2463.6,158786
2017.06.04,0:00,2463.5,2883.5,2458.2,2838.3,206972
2017.06.11,0:00,2837.8,2889,2250.6,2422,196383
2017.06.18,0:00,2422,2738,2407.1,2519.6,143010
2017.06.25,0:00,2374.2,2588.1,2329.8,2492,19658
2017.07.02,0:00,2502.3,2628.7,2484.1,2503.1,174869
2017.07.09,0:00,2527.6,2527.8,2145.8,2150,239467
2017.07.16,0:00,1866.1,2944.2,1861,2621.2,276645
2017.07.23,0:00,2778.6,2818.2,2396.2,2738.1,146935
2017.07.30,0:00,2705.9,2912.5,2638.2,2820.2,164437
2017.08.06,0:00,3241.4,3567.2,3178.2,3566.8,125498
2017.08.13,0:00,4123.65,4462.19,4000.52,4000.8,71084
2017.08.20,0:00,4114.2,4444.54,3585.8,4317.23,145454
2017.08.27,0:00,4357.84,4908.2,4188.21,4871.89,88724
2017.09.03,0:00,4568.34,4685.19,4128.62,4237.56,188080
2017.09.10,0:00,4274.34,4368.19,2968.21,3710.88,192478
2017.09.17,0:00,3751.76,4113.36,3503.19,3603.3,167351
2017.09.24,0:00,3660.51,4263.14,3652.52,4158.66,74076
2017.10.01,0:00,4324.05,4463.19,4138.22,4334.66,31779
2017.10.08,0:00,4569.65,5853.89,4554.21,5605.56,79044
2017.10.15,0:00,5513.14,6052.19,5095.21,5960.84,70696
2017.10.22,0:00,5871.39,6045.22,5364.93,5751,72024
2017.10.29,0:00,6174.21,7443.18,6021.2,7228.39,68207
2017.11.05,0:00,7371.11,7886.19,6414.24,6573.16,105667
2017.11.12,0:00,5851.1,7971.7,5833.21,7671.21,98714
2017.11.19,0:00,8023.2,8363,7786.7,8262.2,32272
2017.11.26,0:00,9433.2,11473.18,8688.2,10858.21,117583
2017.12.03,0:00,10987.58,16676.34,10519.22,15079.19,67386
2017.12.10,0:00,14084.51,17477.8,13992.96,17178.77,7934
2017.12.17,0:00,18342.24,18857.72,10961.59,13872.94,10584
2017.12.24,0:00,14960.16,16135.42,13387.39,14368.53,19851
2017.12.31,0:00,13114.49,16568.28,13100.35,16566.57,6347
2018.01.07,0:00,15710.81,15993.61,12573.85,13380.09,12553
2018.01.14,0:00,13080.75,13894.87,8817.66,11049.83,32001
2018.01.21,0:00,11076.29,11550.96,9698.48,10602.62,22829
2018.01.28,0:00,11250.12,11277.42,7414.05,8319.24,37779
2018.02.04,0:00,7823.65,8522.53,5701.95,8329.28,85692
2018.02.11,0:00,8078.71,10041.19,7793.37,9826.4,73529
2018.02.18,0:00,10520.79,11488.53,9323.54,9622.82,75189
2018.02.25,0:00,9357.71,10899.14,9150.23,10753.82,69072
2018.03.04,0:00,11230.54,11372.84,8183.37,8813.97,77340
2018.03.11,0:00,9442.54,9641.15,7455,8297.69,71791
2018.03.18,0:00,7966.1,8939.83,7805.51,8392.07,75270
2018.03.25,0:00,8367.31,8425.47,6887.16,6892.28,62948
2018.04.01,0:00,6712.98,7334.69,6340.58,6427.35,80826
2018.04.08,0:00,6770.42,8030.74,6437.25,7696.7,70958
2018.04.15,0:00,8284.36,8408.25,7626.45,8313.88,71366
2018.04.22,0:00,8689.84,9499.53,8435.17,8745.17,70819
2018.04.29,0:00,8979.12,9539.36,8612.13,9429.03,65761
2018.05.06,0:00,9271.23,9383.5,8170.07,8211.45,69272
2018.05.13,0:00,8408.89,8656.74,7727.85,8024.35,72032
2018.05.20,0:00,8224.96,8359.41,7080.7,7253.03,69088
2018.05.27,0:00,7117.55,7405.37,6868.15,7242.26,65874
2018.06.03,0:00,7422.63,7547.19,7164.45,7447.59,55694
2018.06.17,0:00,6252.13,6815.39,5976.89,6041.89,96940
2018.06.24,0:00,6181.39,6305.39,5766.39,5882.39,160971
2018.07.01,0:00,6344.39,6780.89,6251.89,6553.89,283719
2018.07.08,0:00,6718.39,6794.39,6053.39,6164.39,246772
2018.07.15,0:00,6354.39,7627.39,6312.89,7330.39,186706
2018.07.22,0:00,7518.89,8460.39,7312.39,8209.39,172211
2018.07.29,0:00,8187.39,8263.89,7269.39,7365.39,153008
2018.08.05,0:00,7046.39,7143.89,6099.39,6168.89,307758
2018.08.12,0:00,6319.49,6614.89,5854.89,6456.39,528037
2018.08.19,0:00,6497.39,6856.89,6211.89,6591.89,265852
2018.08.26,0:00,6668.39,7110.89,6629.39,7025.89,176917
2018.09.02,0:00,7267.89,7386.39,6204.39,6429.39,219667
2018.09.09,0:00,6363.89,6563.89,6151.39,6514.89,393570
2018.09.16,0:00,6483.39,6759.89,6083.39,6691.89,257006
2018.09.23,0:00,6658.89,6767.89,6304.89,6624.39,182870
2018.09.30,0:00,6530.89,6620.39,6380.89,6528.89,219024
2018.10.07,0:00,6517.89,6645.39,6047.81,6201.04,334329
2018.10.14,0:00,6207.93,6771.32,6139.92,6368.64,547272
2018.10.21,0:00,6414.39,6479.46,6346.37,6382.88,337588
2018.10.28,0:00,6372.88,6413.63,6179.14,6330.88,314837
2018.11.04,0:00,6390.13,6528.38,6292.13,6312.63,428238
2018.11.11,0:00,6300.13,6381.63,5179.73,5443.88,538495
2018.11.18,0:00,5529.43,5545.18,4018.38,4239.63,628978
2018.11.25,0:00,3987.63,4382.88,3498.63,3911.31,485264
2018.12.02,0:00,4137.31,4139.81,3189.13,3371.88,460234
2018.12.09,0:00,3478.13,3574.13,3119.38,3139.83,230780
2018.12.16,0:00,3165.13,4157.38,3163.13,3829.88,381077
2018.12.23,0:00,3986.63,4220.13,3548.13,3874.13,226010
2018.12.30,0:00,3797.13,3898.13,3680.38,3813.88,223056
2019.01.06,0:00,4018.78,4098.63,3549.13,3630.63,345742
2019.01.13,0:00,3488.38,3698.88,3478.13,3595.63,265255
2019.01.20,0:00,3519.13,3598.63,3405.63,3539.64,192791
2019.01.27,0:00,3522.14,3525.14,3310.29,3429.63,165143
2019.02.03,0:00,3372.38,3690.18,3314.86,3576.13,60210
2019.02.10,0:00,3589.13,3638.88,3514.89,3545.89,65503
2019.02.17,0:00,3573.64,3969.14,3573.64,3921.64,201227
2019.02.24,0:00,3761.88,3869.3,3634.3,3808.9,124938
2019.03.03,0:00,3711.5,3903,3700.5,3854.5,74656
2019.03.10,0:00,3882.9,3907.9,3780.1,3897.6,95485
2019.03.17,0:00,3977.6,4045.3,3903.7,3962.5,112415
2019.03.24,0:00,3954.5,4088.5,3834.1,4061.8,87998
2019.03.31,0:00,4079.8,5326.7,4038.6,4983.8,318814
2019.04.07,0:00,5142.3,5449.2,4886.7,5029,258566
2019.04.14,0:00,5079.3,5344.3,4946.1,5253,83218
2019.04.21,0:00,5243.8,5622.5,4953.1,5084.3,125813
2019.04.28,0:00,5101.8,5786.5,5056,5679,107317
2019.05.05,0:00,5765.3,6415.3,5549.2,6252.8,348188
2019.05.12,0:00,7087.8,8364.3,6536.6,7090.7,920265
2019.05.19,0:00,8232.2,8286,7445,8079.8,558557
2019.05.26,0:00,8527.7,9064.5,7949,8502.2,414359
2019.06.02,0:00,8663.5,8749.7,7409.5,7951.3,430803
2019.06.09,0:00,7701.2,8461.5,7490,8455.2,304375
2019.06.16,0:00,8948.2,9960.7,8913,9872.2,415199
2019.06.23,0:00,10795.5,13847.4,10219.2,12176.2,1019679
2019.06.30,0:00,11310,12043,9616.3,10974.3,684815
2019.07.07,0:00,11519.5,13173.7,10941,11923.54,559632
2019.07.14,0:00,10553.6,11063.8,9018,10488.5,651403
2019.07.21,0:00,10537.5,10672.2,9515.2,9837.5,389513
2019.07.28,0:00,9400.2,10660,9085.5,10370,333518
2019.08.04,0:00,10919,12312.2,10793.2,11841.5,582490
2019.08.11,0:00,11347,11573.6,9488.5,10399.2,500176
2019.08.18,0:00,10357.5,10941.7,9735.8,10322.2,432639
2019.08.25,0:00,10028.5,10615.7,9255.7,9619.1,370756
2019.09.01,0:00,9624.5,10935.5,9621.4,10312.7,376806
2019.09.08,0:00,10345.7,10505,9843.5,10239.7,302926
2019.09.15,0:00,10281.8,10365.7,9587.2,10119.7,276787
2019.09.22,0:00,9997,10066.5,7707.2,8047,637147
2019.09.29,0:00,7986.1,8514.3,7719,8169.7,385148
2019.10.06,0:00,7887,8770.7,7748.1,8326.2,373823
2019.10.13,0:00,8200.2,8417.2,7826,7939.5,274774
2019.10.20,0:00,8214,8712.5,7299.1,8664,370545
2019.10.27,0:00,9683,9916.5,8942.5,9202,606722
2019.11.03,0:00,9163.5,9543.5,8650,8861,429050
2019.11.10,0:00,9054.5,9097.5,8319.5,8454.5,314409
2019.11.17,0:00,8546,8550,6766.8,7346.5,319438
2019.11.24,0:00,7026.5,7885.7,6513.5,7774.9,599322
2019.12.01,0:00,7439.3,7822.36,7134.8,7512.5,553404
2019.12.08,0:00,7586,7699.9,7132.7,7274.3,224987
2019.12.15,0:00,7157.9,7478.7,6476.9,7229.9,409224
2019.12.22,0:00,7434.9,7714.9,7113.2,7265.6,338836
2019.12.29,0:00,7420.7,7448.8,6909.2,7309.1,279661
2020.01.05,0:00,7378.9,8441.8,7315.7,8038.9,798716
2020.01.12,0:00,8099.1,8999.8,8053.5,8898.2,715113
2020.01.19,0:00,8721.7,8799.7,8245.9,8511.2,492508
2020.01.26,0:00,8617,9549.8,8571,9378.4,662257
2020.02.02,0:00,9450.8,9859.8,9112.4,9724.9,620338
2020.02.09,0:00,10063.9,10487.9,9700.9,10312.9,427636
2020.02.16,0:00,9774.9,10307.9,9289.9,9642.4,683118
2020.02.23,0:00,9885.2,10020.9,8455,8679.7,1014224
2020.03.01,0:00,8553.4,9199.5,8522.4,9161.9,930870
2020.03.08,0:00,8301.9,8312.8,3999.9,5431,2662464
2020.03.15,0:00,5776.1,6914.6,4467.8,5924.8,3693661
2020.03.22,0:00,6027.1,6967.8,5676.9,6675.2,2549506
2020.03.29,0:00,5948.3,7270.8,5880.8,6700.9,1811199
2020.04.05,0:00,6761.2,7451.8,6729,6916.9,1360174
2020.04.12,0:00,7104,7199.8,6500.3,7078.9,1190641
2020.04.19,0:00,7158.3,7766.3,6765.9,7536.6,957139
2020.04.26,0:00,7650.3,9439.1,7577.7,8714.3,675427
2020.05.03,0:00,8837.2,10043.9,8518.4,9976.7,679593
2020.05.10,0:00,8747.8,9937.8,8199.9,9249,700939
2020.05.17,0:00,9725.5,9943.8,8815.2,9191.7,581337
2020.05.24,0:00,9016.4,9629.5,8620.1,9429.9,511544
2020.05.31,0:00,9499.9,10393.9,9149.9,9700.3,413884
2020.06.07,0:00,9707.4,10009.9,9083.9,9469.8,364272
2020.06.14,0:00,9380.6,9589.8,8914.8,9314.3,376768
2020.06.21,0:00,9324.9,9794.8,9010.9,9212.2,270499
2020.06.28,0:00,9116.5,9297.8,8949.9,9096.9,143844
2020.07.05,0:00,9026.1,9489.9,8918,9254.5,244331
2020.07.12,0:00,9240.5,9349.9,9022.6,9166.6,151946
2020.07.19,0:00,9185.9,9685.3,9154,9637,116876
2020.07.26,0:00,9896.8,11438.9,9895.7,11338.9,255081
2020.08.02,0:00,11126.9,11898.9,10942.9,11540.9,141564
2020.08.09,0:00,11673.9,12063.9,11099.9,11758.9,203443
2020.08.16,0:00,11848.9,12488.9,11607.9,11651.9,125123
2020.08.23,0:00,11667.9,11843.9,11136.9,11500.9,118317
2020.08.30,0:00,11650.9,12064.9,9965.6,10598.9,198766
2020.09.06,0:00,10281.9,10512.9,9882.3,10332.9,156248
2020.09.13,0:00,10318.9,11102.9,10258.9,10910.9,164144
2020.09.20,0:00,10868.9,10998.9,10151.9,10728.9,132314
2020.09.27,0:00,10752.9,10983.9,10390.9,10550.9,112565
2020.10.04,0:00,10664.9,11122.9,10540.9,11048.9,34940
2020.10.11,0:00,11300.9,11738.9,11110.9,11321.9,84062
2020.10.18,0:00,11450.9,13218.9,11416.9,12937.9,153826
2020.10.25,0:00,13016.9,13837.9,12780.9,13649.9,267128
2020.11.01,0:00,13784.9,15886.9,13206.9,15521,307877
2020.11.08,0:00,15379,16480,14841,16276,324512
2020.11.15,0:00,15849,18817.7,15794,18613.4,700021
2020.11.22,0:00,18626.5,19481.3,16302.3,17051.3,672705
2020.11.29,0:00,18140.3,19936.3,18117.3,18785.3,534773
2020.12.06,0:00,19155.3,19444.3,17614.3,18117.3,279631
2020.12.13,0:00,19114.3,23614.3,18996.3,22906.3,514845
2020.12.20,0:00,23452.3,24127.3,21886.3,23283.3,502378
2020.12.27,0:00,26465.3,29270.3,25844.3,28735.3,530698
2021.01.03,0:00,33109.3,41949.3,28525.3,39591.3,1738827
2021.01.10,0:00,38449.3,39985.3,30620.3,36104.3,1909322
2021.01.17,0:00,36235.3,37921.3,28974.3,33333.3,1539057
2021.01.24,0:00,32183.3,38684.3,29268.3,34544.3,1552595
2021.01.31,0:00,32990.3,38722.3,32318.3,37785.3,1093242
2021.02.07,0:00,38790.3,48929.3,37967.4,47864.3,1395269
2021.02.14,0:00,49060.3,56241.3,45715.3,55384.3,969042
2021.02.21,0:00,57259.3,57505.3,44012.3,45930.3,1964258
2021.02.28,0:00,45289.3,52551.3,44985.3,49153.3,1224507
2021.03.07,0:00,50474.3,58245.3,49354.3,56902.3,919220
2021.03.14,0:00,59957.3,60711.3,53331.3,58240.3,1081329
2021.03.21,0:00,57942.3,58441.3,50305.3,54054.3,1066364
2021.03.28,0:00,55147.3,59874.3,54823.3,58643.3,591449
2021.04.04,0:00,58118.3,59483.3,55540.3,58303.3,536504
2021.04.11,0:00,59564.3,64813.3,59435.3,61820.3,726612
2021.04.18,0:00,56266.3,57484.3,47545.3,50573.3,1126537
2021.04.25,0:00,47695.3,57400.7,47613.3,56874.9,1159824
2021.05.02,0:00,56693.4,58980.6,52886.2,57636.1,1419224
2021.05.09,0:00,58048.7,59616.9,45801.7,49487.8,1468718
2021.05.16,0:00,44647.5,46626.6,29568.8,35319.8,2085738
2021.05.23,0:00,33910.8,40850.8,33679.8,35231.8,1702568
2021.05.30,0:00,35961.8,39460.8,34139.8,36963.8,1078003
2021.06.06,0:00,35854.8,38443.1,30961.5,37221.8,1400820
2021.06.13,0:00,39093.8,41257.8,35121.8,35439.8,897723
2021.06.20,0:00,35809.8,35900.8,29232.8,32145.8,1539412
2021.06.27,0:00,32757.8,36584.8,32438.8,33087.8,1023962
2021.07.04,0:00,35542.8,35925.8,32048.8,33465.8,741688
2021.07.11,0:00,33802.8,34638.8,31028.8,31857.8,572404
2021.07.18,0:00,31647.8,32923.8,29298.8,32487.8,501929
2021.07.25,0:00,34444.8,41656.8,34435.8,41011.8,1179880
2021.08.01,0:00,41201.8,43363.8,37303.8,42686.8,1022576
2021.08.08,0:00,43926.8,47883.8,42775.8,47559.8,745580
2021.08.15,0:00,46765.8,49084.8,43977.8,48685.8,647477
2021.08.22,0:00,48317.8,50540.8,46295.8,48855.8,568424
2021.08.29,0:00,48942.8,51043.8,46575.8,50158.8,501230
2021.09.05,0:00,51625.8,52872.8,43203.8,45238.5,902003
2021.09.12,0:00,45075.3,48506.3,43331.8,47170.5,939852
2021.09.19,0:00,47544,47602.8,39521.4,42891.8,981311
2021.09.26,0:00,43583.8,48160.8,40789.8,48015.8,755892
2021.10.03,0:00,48221.8,55984.8,46882.8,53899.8,798070
2021.10.10,0:00,54818.8,62884.8,53861.8,62323.8,863507
2021.10.17,0:00,59538.8,66903.4,59538.8,60729.4,1022068
2021.10.24,0:00,61201.4,63622.4,57563.4,62291.4,910173
2021.10.31,0:00,61368.4,64231.4,59479.4,60889.4,764835
2021.11.07,0:00,62921.4,68884.4,62212.4,64019.4,743805
2021.11.14,0:00,64385.4,66276.4,55612.4,57871.4,1099440
2021.11.21,0:00,59429.4,59525.4,53512.4,54198.4,999374
2021.11.28,0:00,56551.4,59130.4,51290.4,53707.4,846884
2021.12.05,0:00,49065.4,51926.4,47124.4,47954.4,1023168
2021.12.12,0:00,49963.4,50354.4,45480.4,46928.4,1084280
2021.12.19,0:00,46928.4,51788.4,45557.4,50941.4,728181
2021.12.26,0:00,50941.4,52030.4,45620.4,47289.4,566281
2022.01.02,0:00,47288.4,47950.4,40513.4,41740.4,891349
2022.01.09,0:00,41741.4,44396.4,39629.4,43275.4,925337
2022.01.16,0:00,43275.4,43515.4,34288.4,35388.4,1134439
2022.01.23,0:00,35388.4,38873.4,32899.4,38333.4,1695516
2022.01.30,0:00,38333.4,41905.4,36221.4,41642.4,1173479
2022.02.06,0:00,41645.4,45818.4,41124.4,41894.74,1307236
2022.02.13,0:00,41891.74,44718.4,39476.4,39923.4,868440
2022.02.20,0:00,39924.4,40277.4,34382.4,39441.4,1473805
2022.02.27,0:00,39439.4,45287.4,37007.4,39334.4,1543131
2022.03.06,0:00,39334.4,42552.4,37138.4,39062.4,1417147
2022.03.13,0:00,39051.4,42347.4,37443.4,42082.4,1003621
2022.03.20,0:00,42079.4,45038.4,40501.4,44407.4,976246
2022.03.27,0:00,44403.4,48128.4,44191.4,46139.4,890898
2022.04.03,0:00,46141.4,47379.4,42094.4,42408.4,934757
2022.04.10,0:00,42404.4,43422.4,39179.4,40265.4,768732
2022.04.17,0:00,40265.4,42943.4,38500.4,39783.4,645596
2022.04.24,0:00,39783.4,40765.4,37684.4,38313.4,835810
2022.05.01,0:00,38313.4,39951.47,35233.57,35708.77,740507
2022.05.08,0:00,35708.77,35740.67,25286.37,29342.9,1406299
2022.05.15,0:00,29343.4,31389.65,28564.47,29344.67,911103
2022.05.22,0:00,29344.77,30584.17,27961.77,28952.27,758000
2022.05.29,0:00,28952.27,32317.57,28775.37,29684.87,714835
2022.06.05,0:00,29684.87,31679.07,28042.27,28325.67,947346
2022.06.12,0:00,27295.67,27434.77,17553.57,20558.07,1753814
2022.06.19,0:00,20564.47,21814.17,19578.57,21345.07,1453369
2022.06.26,0:00,21345.17,21468.07,18571.07,19373.17,1217734
2022.07.03,0:00,19373.17,22447.47,18988.57,20913.07,985373
2022.07.10,0:00,20913.37,21613.17,18853.57,20883.57,1348236
2022.07.17,0:00,20883.67,24218.07,20709.07,22676.67,1627658
2022.07.24,0:00,22676.67,24614.17,20649.57,23762.27,1273020
2022.07.31,0:00,23761.97,23781.67,22353.57,23219.07,1481096
2022.08.07,0:00,23218.97,24989.07,22638.57,24277.67,1220889
2022.08.14,0:00,24277.67,25153.47,20731.57,21427.77,1257059
2022.08.21,0:00,21427.77,21856.97,19758.07,19943.57,1320931
2022.08.28,0:00,19943.57,20525.27,19479.37,19857.57,1806497
2022.09.04,0:00,19857.57,21803.47,18503.57,21593.17,1388050
2022.09.11,0:00,21592.67,22743.47,19280.47,19676.67,1900175
2022.09.18,0:00,19672.57,19765.37,18091.97,18856.97,1959791
2022.09.25,0:00,18856.97,20327.77,18440.57,19187.87,1831482
2022.10.02,0:00,19186.77,20426.27,18888.07,19435.57,1263710
2022.10.09,0:00,19430.07,19894.87,18142.87,19283.97,1314263
2022.10.16,0:00,19284.07,19648.47,18610.67,19449.47,1114053
2022.10.23,0:00,19449.57,20968.97,19122.27,20645.67,1064623
2022.10.30,0:00,20645.27,21422.67,20003.57,21086.67,936127
2022.11.06,0:00,21086.27,21127.77,15508.57,16314.67,2079946
2022.11.13,0:00,16313.67,17098.97,15753.67,16202.47,1117243
2022.11.20,0:00,16198.17,16737.87,15430.57,16527.67,952039
2022.11.27,0:00,16524.67,17273.27,15953.57,17082.4,690456
2022.12.04,0:00,17080.4,17370.97,16653.57,17068.67,552855
2022.12.11,0:00,17068.57,18313.37,16494.57,16703.37,619373
2022.12.18,0:00,16703.37,17003.07,16213.77,16789.07,531150
2022.12.25,0:00,16789.17,16915.57,16286.27,16513.37,343158
2023.01.01,0:00,16589.17,16976.57,16558.67,16909.47,410496
2023.01.08,0:00,16909.47,21237.97,16908.67,20858.47,832213
2023.01.15,0:00,20854.67,23302.17,20346.47,22549.97,1152129
2023.01.22,0:00,22549.77,23903.47,22278.57,23749.37,1143484
2023.01.29,0:00,23749.47,24208.67,22472.77,22851.77,980828
2023.02.05,0:00,22851.77,23401.17,21428.57,21694.97,896445
2023.02.12,0:00,21694.97,25210.37,21312.67,24488.47,1306109
2023.02.19,0:00,24485.17,25203.47,22693.47,23512.27,1250557
2023.02.26,0:00,23512.27,23930.47,21953.57,22438.87,722116
2023.03.05,0:00,22438.87,22548.77,19503.47,21429.27,1075095
2023.03.12,0:00,21429.27,28403.47,21256.77,28006.17,2273568
2023.03.19,0:00,28006.07,28831.77,26577.37,27753.47,1275469
2023.03.26,0:00,27747.87,29131.67,26445.47,28026.57,1162072
2023.04.02,0:00,28024.87,28732.27,27166.57,28072.67,811105
2023.04.09,0:00,28072.67,30991.27,28072.67,30308.57,670482
2023.04.16,0:00,30308.67,30434.27,27093.07,27447.77,738490
2023.04.23,0:00,27447.77,29958.17,26922.67,29303.77,979721
2023.04.30,0:00,29294.27,29803.47,27621.97,28865.77,874639
2023.05.07,0:00,28865.77,28922.17,25780.97,26900.37,934444
2023.05.14,0:00,26896.57,27618.67,26315.87,26799.37,712174
2023.05.21,0:00,26799.27,27713.57,25818.57,27523.57,615559
2023.05.28,0:00,27523.57,28395.47,26456.67,27201.07,436933
2023.06.04,0:00,27200.77,27406.37,25312.37,26082.67,635806
2023.06.11,0:00,26082.67,26731.97,24704.67,26429.47,321941
2023.06.18,0:00,26423.87,31374.57,26206.77,30319.57,445617
2023.06.25,0:00,30313.87,31219.27,29353.57,30546.07,242476
2023.07.02,0:00,30546.07,31467.67,29652.57,30156.97,122300
2023.07.09,0:00,30156.97,31744.27,29903.57,30229.27,102716
2023.07.16,0:00,30229.27,30307.87,29478.47,29951.47,39966
